ID,HeavyAtomCount,MolLogP,NumHeteroatoms,NumRotatableBonds,RingCount,TPSA,LabuteASA,MolWt,FCount,FCount2,Tox_1,Tox_2,Tox_3,Tox_4,Tox_5,Tox_6,Tox_7,Tox_8,Tox_9,Tox_10,Tox_11,Tox_12,Tox_13,Tox_14,Tox_15,Tox_16,Tox_17,Tox_18,Tox_19,Tox_20,Tox_21,Tox_22,Tox_23,Tox_24,Tox_25,Tox_26,Tox_27,Tox_28,Tox_29,Tox_30,Tox_31,Tox_32,Tox_33,Tox_34,Tox_35,Tox_36,BalabanJ,BertzCT,Chi0,Chi0n,Chi0v,Chi1,Chi1n,Chi1v,Chi2n,Chi2v,Chi3n,Chi3v,Chi4n,Chi4v,HallKierAlpha,Kappa1,Kappa2,Kappa3,NHOHCount,NOCount,PEOE_VSA1,PEOE_VSA10,PEOE_VSA11,PEOE_VSA12,PEOE_VSA13,PEOE_VSA14,PEOE_VSA2,PEOE_VSA3,PEOE_VSA4,PEOE_VSA5,PEOE_VSA6,PEOE_VSA7,PEOE_VSA8,PEOE_VSA9,SMR_VSA1,SMR_VSA10,SMR_VSA2,SMR_VSA3,SMR_VSA4,SMR_VSA5,SMR_VSA6,SMR_VSA7,SMR_VSA8,SMR_VSA9,SlogP_VSA1,SlogP_VSA10,SlogP_VSA11,SlogP_VSA12,SlogP_VSA2,SlogP_VSA3,SlogP_VSA4,SlogP_VSA5,SlogP_VSA6,SlogP_VSA7,SlogP_VSA8,SlogP_VSA9,VSA_EState1,VSA_EState10,VSA_EState2,VSA_EState3,VSA_EState4,VSA_EState5,VSA_EState6,VSA_EState7,VSA_EState8,VSA_EState9,fr_Al_COO,fr_Al_OH,fr_Al_OH_noTert,fr_ArN,fr_Ar_COO,fr_Ar_N,fr_Ar_NH,fr_Ar_OH,fr_COO,fr_COO2,fr_C_O,fr_C_O_noCOO,fr_C_S,fr_HOCCN,fr_Imine,fr_NH0,fr_NH1,fr_NH2,fr_N_O,fr_Ndealkylation1,fr_Ndealkylation2,fr_Nhpyrrole,fr_SH,fr_aldehyde,fr_alkyl_carbamate,fr_alkyl_halide,fr_allylic_oxid,fr_amide,fr_amidine,fr_aniline,fr_aryl_methyl,fr_azide,fr_azo,fr_barbitur,fr_benzene,fr_benzodiazepine,fr_bicyclic,fr_diazo,fr_dihydropyridine,fr_epoxide,fr_ester,fr_ether,fr_furan,fr_guanido,fr_halogen,fr_hdrzine,fr_hdrzone,fr_imidazole,fr_imide,fr_isocyan,fr_isothiocyan,fr_ketone,fr_ketone_Topliss,fr_lactam,fr_lactone,fr_methoxy,fr_morpholine,fr_nitrile,fr_nitro,fr_nitro_arom,fr_nitro_arom_nonortho,fr_nitroso,fr_oxazole,fr_oxime,fr_para_hydroxylation,fr_phenol,fr_phenol_noOrthoHbond,fr_phos_acid,fr_phos_ester,fr_piperdine,fr_piperzine,fr_priamide,fr_prisulfonamd,fr_pyridine,fr_quatN,fr_sulfide,fr_sulfonamd,fr_sulfone,fr_term_acetylene,fr_tetrazole,fr_thiazole,fr_thiocyan,fr_thiophene,fr_unbrch_alkane,fr_urea,Acceptor_Count,Aromatic_Count,Donor_Count,Hydrophobe_Count,NegIonizable_Count,PosIonizable_Count,Acceptor:Acceptor-6.00,Acceptor:Aromatic-6.00,Acceptor:Donor-6.00,Acceptor:Hydrophobe-6.00,Acceptor:NegIonizable-6.00,Acceptor:PosIonizable-6.00,Aromatic:Aromatic-6.00,Aromatic:Donor-6.00,Aromatic:Hydrophobe-6.00,Aromatic:NegIonizable-6.00,Aromatic:PosIonizable-6.00,Donor:Donor-6.00,Donor:Hydrophobe-6.00,Donor:NegIonizable-6.00,Donor:PosIonizable-6.00,Hydrophobe:Hydrophobe-6.00,Hydrophobe:NegIonizable-6.00,Hydrophobe:PosIonizable-6.00,NegIonizable:NegIonizable-6.00,NegIonizable:PosIonizable-6.00,PosIonizable:PosIonizable-6.00,Acceptor:Acceptor-4.00,Acceptor:Aromatic-4.00,Acceptor:Donor-4.00,Acceptor:Hydrophobe-4.00,Acceptor:NegIonizable-4.00,Acceptor:PosIonizable-4.00,Aromatic:Aromatic-4.00,Aromatic:Donor-4.00,Aromatic:Hydrophobe-4.00,Aromatic:NegIonizable-4.00,Aromatic:PosIonizable-4.00,Donor:Donor-4.00,Donor:Hydrophobe-4.00,Donor:NegIonizable-4.00,Donor:PosIonizable-4.00,Hydrophobe:Hydrophobe-4.00,Hydrophobe:NegIonizable-4.00,Hydrophobe:PosIonizable-4.00,NegIonizable:NegIonizable-4.00,NegIonizable:PosIonizable-4.00,PosIonizable:PosIonizable-4.00,Acceptor:Acceptor-2.00,Acceptor:Aromatic-2.00,Acceptor:Donor-2.00,Acceptor:Hydrophobe-2.00,Acceptor:NegIonizable-2.00,Acceptor:PosIonizable-2.00,Aromatic:Aromatic-2.00,Aromatic:Donor-2.00,Aromatic:Hydrophobe-2.00,Aromatic:NegIonizable-2.00,Aromatic:PosIonizable-2.00,Donor:Donor-2.00,Donor:Hydrophobe-2.00,Donor:NegIonizable-2.00,Donor:PosIonizable-2.00,Hydrophobe:Hydrophobe-2.00,Hydrophobe:NegIonizable-2.00,Hydrophobe:PosIonizable-2.00,NegIonizable:NegIonizable-2.00,NegIonizable:PosIonizable-2.00,PosIonizable:PosIonizable-2.00,CLASS
11,28,2.5751,5,1,5,86.99,166.706987331,390.52,0,0,0,0,0,0,0,0,0,0,0,0,0,0,0,0,0,0,0,0,0,0,0,0,0,0,0,0,0,0,0,0,0,0,0,0,0,0,1.5112432302536247,717.781243827,19.896976746569027,17.0635502824,17.0635502824,13.198179413962517,11.1563089079,11.1563089079,10.797950843499999,10.797950843499999,10.0499330507,10.0499330507,8.36671355472,8.36671355472,-0.91,19.0772477222,6.052944430580001,2.26995722785,3,5,20.0564451383,6.606881964509999,0.0,0.0,0.0,5.969305287949999,0.0,4.794537184069999,0.0,0.0,13.847474399400001,86.0262921675,11.491010576199999,17.808983586500002,24.850982322399997,5.969305287949999,0.0,0.0,34.501605123400005,83.02303096930001,6.606881964509999,11.6491246369,0.0,0.0,0.0,0.0,0.0,0.0,45.704753023500004,9.53140013787,34.501605123400005,65.2140473828,11.6491246369,0.0,0.0,0.0,0.0,0.0,0.0,0.0,0.0,0.0,0.0,0.0,0.0,63.08333333333334,0,3,2,0,0,0,0,0,0,0,1,1,0,0,0,0,0,0,0,0,0,0,0,0,0,0,0,0,0,0,0,0,0,0,0,0,5,0,0,0,1,1,0,0,0,0,0,0,0,0,0,0,0,0,1,0,0,0,0,0,0,0,0,0,0,0,0,0,0,0,0,0,0,0,0,0,0,0,0,0,0,0,0,0,0,5,0,3,9,0,0,8,0,3,9,0,0,0,0,0,0,0,3,9,0,0,35,0,0,0,0,0,2,0,1,8,0,0,0,0,0,0,0,1,8,0,0,24,0,0,0,0,0,2,0,1,5,0,0,0,0,0,0,0,1,5,0,0,9,0,0,0,0,0,1
18,22,4.5507,4,11,0,63.32,139.293214451,325.518,0,0,0,0,0,0,0,0,0,0,0,0,0,0,0,0,0,0,0,0,0,0,0,0,0,0,0,0,0,0,0,0,0,0,0,0,0,0,3.8700602938732516,420.803093175,16.95781915781361,14.3931022095,15.2095987904,10.324274960443892,7.8332150269300005,8.98791556531,5.94196653376,7.0168814908899995,3.28698849848,4.284176442330001,1.80635957091,2.7413221361400004,-1.0,21.0,12.534722222200001,12.719008264500001,3,3,10.840194872,6.04184082915,0.0,0.0,0.0,5.969305287949999,4.794537184069999,0.0,11.7618849494,0.0,34.9473739107,53.3782352905,11.5057072135,0.0,9.90106457891,17.7311902373,0.0,0.0,5.73366747716,59.4200761196,11.5057072135,34.9473739107,0.0,0.0,5.73366747716,0.0,0.0,11.7618849494,28.6233807254,4.794537184069999,0.0,53.3782352905,34.9473739107,0.0,0.0,0.0,0.0,1.5674476592721194,0.0,0.0,0.0,0.0,0.0,0.0,0.0,48.265885674061224,1,0,0,0,0,0,0,0,1,1,1,0,0,0,0,0,0,1,0,0,0,0,0,0,0,0,5,0,0,0,0,0,0,0,0,0,0,0,0,0,0,0,0,0,0,0,0,0,0,0,0,0,0,0,0,0,0,0,0,0,0,0,0,0,0,0,0,0,0,0,0,0,0,0,0,1,0,0,0,0,0,0,0,1,0,2,0,2,12,3,1,1,0,1,0,1,0,0,0,0,0,0,1,0,3,0,50,8,4,3,0,0,1,0,1,0,1,0,0,0,0,0,0,1,0,3,0,37,3,2,3,0,0,1,0,1,0,1,0,0,0,0,0,0,1,0,3,0,20,0,1,2,0,0,0
25,33,2.553,9,5,5,101.55,190.40448699799998,455.463,0,0,0,0,0,0,0,0,0,0,0,0,0,0,0,0,0,0,0,0,0,0,0,0,0,0,0,0,0,0,0,0,0,0,0,0,0,0,1.7485234345560519,1104.68268198,23.27529192407988,18.7990020396,18.7990020396,15.960258755680867,10.6347884772,10.6347884772,8.268603245560001,8.268603245560001,6.59203944508,6.59203944508,5.24765036069,5.24765036069,-3.62,21.2375252884,8.05918414015,3.2984091212599997,1,9,33.7379663268,0.0,22.9980473331,18.449633868699998,0.0,5.969305287949999,9.589074368139999,0.0,0.0,0.0,0.0,40.9558227489,18.759549292,39.8960214637,38.0102520909,11.8764850173,0.0,5.316788604009999,11.8358120923,18.883484075,34.729216894400004,40.9558227489,0.0,28.7475591664,29.001103373000003,0.0,28.7475591664,0.0,46.6057019117,14.3259373219,11.8358120923,35.5738385501,24.2654682738,0.0,0.0,0.0,0.0,0.0,0.0,0.0,0.0,0.0,0.0,0.0,0.0,78.5,0,0,0,0,0,0,0,0,0,0,2,2,0,0,0,0,1,0,0,0,0,0,0,0,0,0,0,1,0,0,0,0,0,0,2,0,3,0,0,0,1,6,0,0,0,0,0,0,0,0,0,0,0,0,1,3,0,0,0,0,0,0,0,0,0,0,0,0,0,0,0,0,0,0,0,0,0,0,0,0,0,0,0,0,0,8,12,1,15,0,0,13,35,3,44,0,0,49,4,67,0,0,0,6,0,0,81,0,0,0,0,0,6,18,2,23,0,0,32,1,45,0,0,0,5,0,0,55,0,0,0,0,0,3,9,1,10,0,0,13,0,17,0,0,0,2,0,0,20,0,0,0,0,0,1
32,34,-0.7937,12,8,4,160.88,195.88343642700002,471.51800000000003,0,0,0,0,0,0,0,0,0,0,0,0,0,0,0,0,0,0,0,0,0,0,0,0,0,0,0,0,0,0,0,0,0,0,0,0,0,0,1.4912400355713282,1136.37878331,24.405048436076797,19.1976568325,19.1976568325,16.332937555743037,10.8178841651,10.8178841651,8.34708413281,8.34708413281,5.85239067168,5.85239067168,4.03918463986,4.03918463986,-3.32,23.8253331904,9.89142850475,4.52579662844,5,12,35.637146509299996,24.2847646835,23.209641886999997,5.907179729349999,0.0,0.0,9.36163683186,14.9519355628,0.0,0.0,12.1327341369,24.117007251500002,14.0953439654,32.127681238899996,24.4813178814,22.8889204456,0.0,24.8358238146,5.73366747716,36.9403372275,32.711933202,42.4835599151,0.0,5.749511833280001,20.6872287658,5.81786277784,5.749511833280001,0.0,87.74290763459999,15.952221760799999,0.0,11.7913526624,36.9201084234,0.0,11.163877938399999,0.0,0.0,0.0,0.0,0.0,0.0,0.0,0.0,0.0,1.5702184643946702,81.596448202272,0,2,2,0,0,4,0,0,0,0,1,1,0,0,0,5,1,1,0,0,0,0,0,0,0,0,0,1,0,1,0,0,0,0,1,0,1,0,0,0,0,2,0,0,0,0,0,1,0,0,0,0,0,0,0,1,0,0,0,0,0,0,0,0,0,0,0,0,0,0,0,0,0,0,0,0,0,0,0,0,0,0,0,0,0,8,15,4,7,0,6,15,40,5,10,0,20,53,6,22,0,18,6,2,0,14,15,0,5,0,0,12,9,27,5,8,0,12,45,2,19,0,14,4,1,0,7,15,0,3,0,0,8,2,10,1,3,0,4,24,0,10,0,7,1,0,0,2,10,0,1,0,0,4,1
50,28,5.9961,2,8,3,12.47,168.648904314,371.524,0,0,0,0,0,0,0,0,0,0,0,0,0,0,0,0,0,0,0,0,0,0,0,0,0,0,0,0,0,0,0,0,0,0,0,0,0,0,1.9959473772927907,880.73553351,19.769373945685235,17.0596859982,17.0596859982,13.685871848001629,9.90684881872,9.90684881872,7.11527262156,7.11527262156,4.79026590829,4.79026590829,3.34842011227,3.34842011227,-2.84,19.9087945758,9.91099361735,5.11364381338,0,2,9.63677268465,12.3563937978,0.0,0.0,0.0,0.0,0.0,0.0,0.0,0.0,79.7201420212,60.4854632604,6.544756405909999,0.0,4.7368629538,11.1462090601,0.0,4.89990973085,0.0,13.3445588226,27.2469823358,101.61949343399999,0.0,5.749511833280001,4.7368629538,0.0,5.749511833280001,0.0,32.146892066599996,0.0,0.0,30.0349132977,84.9291389585,0.0,11.1462090601,0.0,0.0,0.0,0.0,0.0,0.0,0.0,0.0,0.0,0.0,53.99999999999999,0,0,0,0,0,0,0,0,0,0,0,0,0,0,0,1,0,0,0,1,0,0,0,0,0,0,1,0,0,0,0,0,0,0,3,0,0,0,0,0,0,1,0,0,0,0,0,0,0,0,0,0,0,0,0,0,0,0,0,0,0,0,0,0,0,0,0,0,0,0,0,0,0,0,0,0,0,0,0,0,0,0,0,0,0,1,18,1,21,0,1,0,0,0,0,0,0,0,0,0,0,0,0,0,0,0,6,0,0,0,0,0,0,0,0,0,0,0,0,0,0,0,0,0,0,0,0,6,0,0,0,0,0,0,0,0,0,0,0,0,0,0,0,0,0,0,0,0,5,0,0,0,0,0,0
90,41,3.1696,12,18,3,174.38,242.408595092,575.755,0,0,0,0,0,0,0,0,0,0,0,0,0,0,0,0,0,0,0,0,0,0,0,0,0,0,0,0,0,0,0,0,0,0,0,0,0,0,1.2566338260883725,1065.10480083,29.614308928376474,24.7720031578,24.7720031578,19.75692795082146,15.2417856602,15.2417856602,11.54882616,11.54882616,7.60606445276,7.60606445276,5.15348831461,5.15348831461,-2.83,32.6816232115,17.2011014783,10.825347733900001,6,12,35.8842620764,24.0519535679,17.6929411693,11.814359458699998,0.0,0.0,9.589074368139999,14.9519355628,0.0,0.0,78.05569062859999,19.262464868800002,6.42082162293,25.017883697600002,24.5389921116,28.796100174899998,0.0,30.5694912918,5.91790604616,128.402712237,11.8615450099,12.6546401495,0.0,0.0,15.950365812000001,5.81786277784,0.0,0.0,79.0897259012,14.3259373219,5.91790604616,97.8210710742,12.6546401495,0.0,11.163877938399999,0.0,0.0,0.0,0.0,0.0,0.0,0.0,0.0,0.0,0.0,94.33333333333331,0,2,2,0,0,4,1,0,0,0,2,2,0,0,0,3,4,0,0,0,0,1,0,0,0,0,0,2,0,1,0,0,0,0,0,0,1,0,0,0,0,1,0,0,0,0,0,1,0,0,0,0,0,0,0,0,0,0,0,0,0,0,0,0,0,0,0,0,0,0,0,0,0,0,0,0,0,0,0,0,0,0,0,9,0,8,9,7,15,0,5,18,19,22,0,0,13,36,27,0,0,30,13,0,0,9,64,0,0,0,0,10,12,16,16,0,0,13,36,17,0,0,30,6,0,0,6,47,0,0,0,0,10,4,9,6,0,0,7,18,6,0,0,13,4,0,0,4,26,0,0,0,0,8,0
93,22,4.8106,4,8,2,28.16,138.23015674200002,319.88,0,0,0,0,0,0,0,0,0,0,0,0,0,0,0,0,0,0,0,0,0,0,0,0,0,0,0,0,0,0,0,0,0,0,0,0,0,0,1.9543317629987864,595.9020042880001,15.94938298937633,13.7720271851,14.5279561311,10.634560252985372,8.16800081831,8.54596529132,5.73447983362,6.17091561409,4.1125805060600005,4.34767760885,2.74565171269,2.91199526773,-1.32,17.0404934573,8.348732456830001,4.5866088198,1,3,10.2166983349,0.0,0.0,0.0,0.0,0.0,4.98397852095,0.0,0.0,0.0,25.4484142896,63.6651179371,28.3349282037,5.51670071762,0.0,28.191251097,0.0,9.8838882518,0.0,39.6546956741,24.9510578217,35.4849451592,0.0,0.0,5.316788604009999,5.687386274680001,0.0,11.6009398902,35.5599982987,0.0,0.0,33.6128548449,30.4623118455,5.02263331374,10.902924932100001,0.0,0.0,6.037304924321911,0.0,0.0,0.0,0.0,0.0,0.0,0.0,37.073806186789206,0,0,0,0,0,1,0,0,0,0,0,0,0,0,0,2,1,0,0,0,0,0,0,0,0,0,0,0,0,1,0,0,0,0,1,0,1,0,0,0,0,0,0,0,1,0,0,0,0,0,0,0,0,0,0,0,0,0,0,0,0,0,0,0,0,0,0,0,0,0,0,0,0,1,0,0,0,0,0,0,0,0,0,0,0,1,10,2,8,0,1,0,6,0,6,0,0,45,0,39,0,0,1,7,0,0,18,0,0,0,0,0,0,4,0,4,0,0,40,0,34,0,0,0,2,0,0,16,0,0,0,0,0,0,2,0,2,0,0,18,0,13,0,0,0,1,0,0,9,0,0,0,0,0,1
99,46,2.7529,14,6,8,160.83,266.562003287,656.6619999999999,0,0,0,0,0,0,0,0,0,0,0,0,0,0,0,0,0,0,0,0,0,0,0,0,0,0,0,0,0,0,0,0,0,0,0,0,0,0,1.1582289436111393,1601.09862502,31.68914100752345,24.7686469014,25.5851434823,22.35490694359764,14.8836372616,15.7632900728,11.767938986199999,12.747211294300001,9.370064280980001,10.2639802649,7.18329633153,7.88940890073,-3.63,29.7511153202,11.5599894707,4.701146592890001,3,13,57.9513487687,24.415865551,35.5781007918,12.5424541394,0.0,5.969305287949999,4.794537184069999,0.0,0.0,11.336785877899999,6.06636706846,52.4022525879,11.8358120923,44.3323786392,62.745885952799995,17.3060911659,0.0,0.0,11.8358120923,49.0177914436,34.2263013177,63.34576685,0.0,28.7475591664,18.9474518152,0.0,28.7475591664,11.336785877899999,86.22108107049999,28.478851953099998,11.8358120923,39.879400831999995,41.7782651812,0.0,0.0,0.0,0.0,1.464183010632557,0.0,0.0,0.0,0.0,0.0,0.0,0.0,109.3691503227008,0,2,2,0,0,0,0,1,0,0,1,1,0,0,0,0,0,0,0,0,0,0,0,0,0,0,0,0,0,0,0,0,0,0,2,0,4,0,0,0,1,9,0,0,0,0,0,0,0,0,0,0,0,0,1,2,0,0,0,0,0,0,0,0,0,1,1,0,0,0,0,0,0,0,0,0,0,0,0,0,0,0,1,0,0,13,17,3,20,0,0,36,69,14,78,0,0,59,6,77,0,0,1,20,0,0,91,0,0,0,0,0,21,35,11,41,0,0,41,6,56,0,0,1,6,0,0,66,0,0,0,0,0,9,16,4,18,0,0,23,4,28,0,0,1,3,0,0,31,0,0,0,0,0,1
103,80,0.7636,22,33,4,339.45,471.267767998,1115.432,0,0,0,0,0,0,0,0,0,0,0,0,0,0,0,0,0,0,0,0,0,0,0,0,0,0,0,0,0,0,0,0,0,0,0,0,0,0,1.4969004127827206,2359.85352219,58.88960085245629,47.7159391559,47.7159391559,38.240461174156025,28.6719199866,28.6719199866,21.920866509,21.920866509,14.497255759300002,14.497255759300002,10.1476861502,10.1476861502,-6.78,65.7365342959,33.7255689622,20.3949926318,13,22,69.0128793053,54.6208871563,0.0,53.1646175642,0.0,0.0,43.1508346566,0.0,0.0,0.0,102.206093883,113.102087363,25.9311560577,12.0836816583,47.9453718407,59.450778087299994,0.0,47.0173396897,29.0368145238,191.852334211,26.1790256237,71.79057366800001,0.0,0.0,54.4185226595,0.0,0.0,0.0,155.848031464,60.7870150866,11.8358120923,129.719185657,60.6636706846,0.0,0.0,0.0,0.0,0.0,0.0,0.0,0.0,0.0,0.0,0.0,0.0,198.83333333333343,0,0,0,0,0,0,0,0,0,0,10,10,0,0,0,2,7,3,0,0,2,0,0,1,0,0,0,9,0,0,0,0,0,0,2,0,0,0,0,0,0,0,0,0,0,0,0,0,0,0,0,0,0,0,0,0,0,0,0,0,0,0,0,0,0,0,0,0,0,0,0,0,0,0,0,0,0,0,0,0,0,0,0,0,0,10,12,12,28,0,3,17,16,15,44,0,4,30,15,41,0,3,9,21,0,4,89,0,9,0,0,0,9,6,11,26,0,3,30,13,31,0,1,2,12,0,0,64,0,6,0,0,0,0,2,2,12,0,1,20,10,20,0,0,2,3,0,0,35,0,2,0,0,0,1
108,12,1.4698,5,3,0,50.69,76.7263042381,190.268,0,0,0,0,0,0,0,0,0,0,0,0,0,0,0,0,0,0,0,0,0,0,0,0,0,0,0,0,0,0,0,0,0,0,0,0,0,0,3.8317472942012736,180.24518935,9.612884175122364,7.749308736080001,8.565805317010001,5.515167193676995,3.50006893634,4.72481380773,2.67082710678,4.13127423857,1.22944768473,2.3870557814,0.299495205428,0.447937609058,-0.71,11.29,5.02801819797,5.0088369117300005,1,4,5.316788604009999,0.0,0.0,0.0,0.0,6.093240070939999,4.837588583740001,4.794537184069999,11.7618849494,0.0,5.15571272675,20.1032435829,11.794694435899999,6.21460057954,9.63212576781,24.069725599899996,0.0,5.316788604009999,5.15571272675,18.5944968526,13.303441166199999,0.0,0.0,0.0,5.316788604009999,4.794537184069999,0.0,11.7618849494,30.358304269899996,4.837588583740001,0.0,13.847474399400001,5.15571272675,0.0,0.0,0.0,0.0,1.6253389550264552,0.0,0.0,0.0,0.0,0.0,0.0,0.0,29.124661044973546,0,0,0,0,0,0,0,0,0,0,1,1,0,0,0,1,1,0,0,0,0,0,0,0,0,0,0,1,0,0,0,0,0,0,0,0,0,0,0,0,0,0,0,0,0,0,0,0,0,0,0,0,0,0,0,0,0,0,0,0,0,0,0,1,0,0,0,0,0,0,0,0,0,0,0,1,0,0,0,0,0,0,0,0,0,2,0,1,1,0,0,1,0,0,2,0,0,0,0,0,0,0,0,1,0,0,0,0,0,0,0,0,1,0,0,2,0,0,0,0,0,0,0,0,0,0,0,0,0,0,0,0,0,1,0,0,0,0,0,0,0,0,0,0,0,0,0,0,0,0,0,0,0,0,0
113,36,4.2058,10,7,5,69.06,219.81542995400002,531.44,0,0,0,0,0,0,0,0,0,0,0,0,0,0,0,0,0,0,0,0,0,0,0,0,0,0,0,0,0,0,0,0,0,0,0,0,0,0,1.2175372014340653,1183.16467748,25.122745096813752,19.9783769193,21.490234811300002,17.415453901946535,11.8814459497,12.637374895699999,8.9609782044,9.80461411161,6.513596420669999,7.061402531950001,4.59717525878,5.14963617308,-2.78,24.8941878677,10.682485378300001,5.4664685086,0,8,28.5775079709,18.4603601855,0.0,11.6942908819,0.0,0.0,4.794537184069999,4.98397852095,0.0,0.0,29.2682468489,36.398202410799996,61.7699210467,24.5015917589,19.0051260455,34.7964457845,0.0,14.450987899600001,0.0,25.359571145900002,44.292699283500006,76.7942948164,0.0,5.749511833280001,9.63677268465,5.687386274680001,5.749511833280001,23.2018797805,65.8549235694,26.6001306502,0.0,12.487188691400002,61.185576697200005,10.0452666275,0.0,0.0,0.0,12.655940089837515,0.0,0.0,0.0,0.0,0.0,0.0,1.8919902343358297,65.25762523138222,0,0,0,0,0,2,0,0,0,0,1,1,0,0,0,4,0,0,0,0,0,0,0,0,0,0,0,1,0,1,0,0,0,0,2,0,0,0,0,0,0,3,0,0,2,0,0,1,0,0,0,0,0,0,0,0,0,0,0,0,0,0,0,0,0,0,0,0,0,0,1,0,0,0,0,0,0,0,0,0,0,0,0,0,0,5,17,1,12,0,5,4,29,1,22,0,7,69,0,59,0,10,0,2,0,0,34,0,0,0,0,10,2,11,1,8,0,3,49,0,39,0,10,0,1,0,0,28,0,0,0,0,10,1,4,1,3,0,1,25,0,17,0,8,0,0,0,0,15,0,0,0,0,8,1
124,85,3.2689999999999997,23,15,1,278.8,508.394547099,1202.635,0,0,0,0,0,0,0,0,0,0,0,0,0,0,0,0,0,0,0,0,0,0,0,0,0,0,0,0,0,0,0,0,0,0,0,0,0,0,4.333961372216436,2325.07567567,65.97699784625158,56.0651928112,56.0651928112,39.192251771692,30.561842569499998,30.561842569499998,26.151973091,26.151973091,15.930179356099998,15.930179356099998,10.6009061915,10.6009061915,-6.13,76.88267909220001,34.8715052765,21.9597935746,5,23,60.673049926800005,60.41840829149999,0.0,64.9789770229,0.0,0.0,52.73990902479999,0.0,0.0,0.0,109.08436100899999,94.80357761360001,55.251609924899995,12.6487227937,57.8464364196,64.9789770229,0.0,55.566522532,41.4253423231,222.75083681200002,55.878460284700004,12.1520402137,0.0,0.0,21.267154416,0.0,0.0,0.0,226.785707498,52.73990902479999,41.4253423231,156.228462132,12.1520402137,0.0,0.0,0.0,0.0,0.0,0.0,0.0,0.0,0.0,0.0,0.0,0.0,211.8333333333333,0,1,1,0,0,0,0,0,0,0,11,11,0,0,0,7,4,0,0,7,0,0,0,0,0,0,1,11,0,0,0,0,0,0,0,0,0,0,0,0,0,0,0,0,0,0,0,0,0,0,0,0,0,0,0,0,0,0,0,0,0,0,0,0,0,0,0,0,0,0,0,0,0,0,0,0,0,0,0,0,0,0,0,0,0,12,0,12,27,0,0,26,0,17,55,0,0,0,0,0,0,0,8,25,0,0,72,0,0,0,0,0,13,0,13,39,0,0,0,0,0,0,0,3,11,0,0,43,0,0,0,0,0,1,0,5,15,0,0,0,0,0,0,0,0,6,0,0,27,0,0,0,0,0,1
134,48,7.3582,12,13,4,129.26,284.057448181,696.888,0,0,0,0,0,0,0,0,0,0,0,0,0,0,0,0,0,0,0,0,0,0,0,0,0,0,0,0,0,0,0,0,0,0,0,0,0,0,1.6059119334153114,1819.67506469,35.3298518780003,28.579600235700003,30.2125933975,22.45782344362176,15.3242749604,18.2906014556,13.1315167554,16.4331650079,7.49956147405,10.2729764641,4.76829571926,7.25239243235,-4.42,36.4166147448,14.367831925399999,8.72644224082,2,10,18.9474518152,46.002778213199996,0.0,0.0,20.0465823068,0.0,9.4441897289,16.8355939687,0.0,0.0,77.9406256089,70.4878204699,0.0,25.5943676319,35.7830457839,31.421354856199997,0.0,0.0,0.0,62.163371088000005,36.8775487405,96.0560419419,0.0,22.9980473331,28.391641544099997,11.374772549400001,22.9980473331,0.0,44.268952980200005,30.8765632456,0.0,52.6693261815,94.7201059095,0.0,0.0,0.0,0.0,-8.245406729715366,0.0,0.0,0.0,0.0,0.0,0.0,54.90825913770414,68.33714759201125,0,0,0,0,0,0,0,0,0,0,0,0,0,0,0,0,2,0,0,0,0,0,0,0,0,0,0,0,0,2,0,0,0,0,4,0,0,0,0,0,0,4,0,0,0,0,0,0,0,0,0,0,0,0,0,2,0,0,0,0,0,0,0,0,4,0,0,0,0,0,0,0,0,0,0,0,2,0,0,0,0,0,0,1,0,8,24,2,32,0,0,13,44,4,65,0,0,108,12,161,0,0,0,18,0,0,170,0,0,0,0,0,8,30,3,34,0,0,70,11,107,0,0,0,6,0,0,116,0,0,0,0,0,3,12,2,13,0,0,39,5,50,0,0,0,1,0,0,59,0,0,0,0,0,0
145,29,4.1955,5,6,3,72.83,174.080588545,404.54699999999997,0,0,0,0,0,0,0,0,0,0,0,0,0,0,0,0,0,0,0,0,0,0,0,0,0,0,0,0,0,0,0,0,0,0,0,0,0,0,1.7401695799133003,666.182169982,21.12902755413791,18.173700405599998,18.173700405599998,13.778096000876644,11.2594978329,11.2594978329,9.35502688,9.35502688,6.934972943969999,6.934972943969999,5.06989596273,5.06989596273,-1.62,22.073918935500004,9.46097994704,5.30229378729,1,5,14.580253302400001,12.2079327755,0.0,0.0,0.0,11.938610575899999,9.589074368139999,0.0,0.0,0.0,45.923009119300005,49.0101091603,12.3387276691,18.4426940568,24.169327670599998,11.938610575899999,0.0,0.0,29.589530230799998,84.5317776996,0.0,23.8011648506,0.0,0.0,0.0,0.0,0.0,0.0,35.357037134,19.0628002757,29.589530230799998,66.2198785363,23.8011648506,0.0,0.0,0.0,0.0,0.0,0.0,0.0,0.0,0.0,0.0,0.0,0.0,65.66666666666666,0,1,1,0,0,0,0,0,0,0,2,2,0,0,0,0,0,0,0,0,0,0,0,0,0,0,3,0,0,0,0,0,0,0,0,0,1,0,0,0,2,2,0,0,0,0,0,0,0,0,0,0,0,0,1,0,0,0,0,0,0,0,0,0,0,0,0,0,0,0,0,0,0,0,0,0,0,0,0,0,0,0,0,0,0,5,0,1,9,0,0,4,0,0,13,0,0,0,0,0,0,0,0,1,0,0,23,0,0,0,0,0,4,0,0,6,0,0,0,0,0,0,0,0,1,0,0,15,0,0,0,0,0,3,0,0,2,0,0,0,0,0,0,0,0,0,0,0,6,0,0,0,0,0,1
147,18,2.3389,5,2,2,69.54,108.69983143799999,257.318,0,0,0,0,0,0,0,0,0,0,0,0,0,0,0,0,0,0,0,0,0,0,0,0,0,0,0,0,0,0,0,0,0,0,0,0,0,0,2.6924315852559917,668.1162040869999,13.120955864630142,10.0203248487,10.8368214296,8.651397005390978,5.30868417922,6.533429050619999,3.77663985416,4.57158647569,2.52783431102,3.10788180762,1.5732728891799999,1.9506068506099998,-2.06,12.3983159676,5.06556453791,2.2880288847799997,1,4,4.98397852095,11.6326728045,5.15643648182,0.0,5.55926689505,0.0,4.794537184069999,4.98397852095,5.26189155474,0.0,41.590804714899996,13.1795063832,5.5634514916999995,5.69392799485,0.0,11.7618849494,5.26189155474,9.96795704189,0.0,12.080173681500002,6.255769183509999,45.7461753364,0.0,17.3266007993,5.55926689505,0.0,0.0,11.7618849494,16.2237262254,0.0,18.2548500672,11.126902983399999,34.2164419397,0.0,11.257379486500001,0.0,0.0,1.3380616706559163,0.0,0.0,0.0,0.0,0.0,0.0,0.0,43.495271662677425,0,0,0,0,0,2,1,0,0,0,0,0,0,0,0,2,1,0,0,0,0,1,0,0,0,0,0,0,0,0,1,0,0,0,1,0,0,0,0,0,0,0,0,0,0,0,0,0,0,0,0,0,0,0,0,0,0,1,0,0,0,0,0,0,0,0,0,0,0,0,0,0,0,0,0,1,0,0,0,0,0,0,0,0,0,2,12,2,7,0,0,1,15,2,11,0,0,61,6,49,0,0,1,11,0,0,20,0,0,0,0,0,1,10,2,7,0,0,43,6,33,0,0,1,6,0,0,16,0,0,0,0,0,1,5,1,3,0,0,19,1,16,0,0,0,3,0,0,9,0,0,0,0,0,0
152,35,3.6778,9,9,3,111.01,203.725455945,479.533,0,0,1,0,0,0,0,0,0,0,0,0,0,0,0,0,0,0,0,0,0,0,0,0,0,0,0,0,0,0,0,0,0,0,0,0,0,0,1.8390036164288368,1172.61941181,25.534804948073717,20.2387399692,20.2387399692,16.722453108210818,11.1334739049,11.1334739049,8.338341688029999,8.338341688029999,5.80142749752,5.80142749752,4.142446082009999,4.142446082009999,-3.98,25.639469286300002,11.4351075743,6.12750149669,1,9,14.790514511600001,6.606881964509999,0.0,0.0,5.687386274680001,11.938610575899999,15.014227999600001,9.589074368139999,0.0,0.0,42.4645694792,32.0220493655,36.616325574899996,29.0972236964,23.9861113246,17.6259968506,0.0,10.2166983349,0.0,26.3101368515,27.3091078944,98.37881255459999,0.0,0.0,5.316788604009999,5.687386274680001,0.0,0.0,49.07093925,25.6075566817,10.1143182688,30.892283428899997,77.1375913024,0.0,0.0,0.0,0.0,0.0,0.0,0.0,0.0,0.0,0.0,0.0,0.0,88.33333333333334,0,0,0,0,0,0,0,0,0,0,2,2,0,0,0,2,1,0,0,1,0,0,0,0,0,0,2,0,0,0,0,0,0,0,2,0,0,0,1,0,2,2,0,0,0,0,0,0,0,0,0,0,0,0,0,1,0,0,1,1,1,0,0,0,0,0,0,0,0,0,0,0,0,0,0,0,0,0,0,0,0,0,0,0,0,4,12,2,18,0,1,5,12,4,21,0,2,30,2,48,0,2,0,14,0,0,78,0,4,0,0,0,3,4,3,9,0,2,30,0,46,0,0,0,7,0,0,63,0,1,0,0,0,2,1,0,2,0,0,20,0,28,0,0,0,1,0,0,34,0,0,0,0,0,1
156,41,4.8987,10,11,5,96.43,239.66605136099997,560.651,0,0,0,0,0,0,0,0,0,0,0,0,0,0,0,0,0,0,0,0,0,0,0,0,0,0,0,0,0,0,0,0,0,0,0,0,0,0,1.4679613750049951,1543.56504882,28.932146173572253,24.368116319499997,24.368116319499997,20.006926153440787,13.3863726458,13.3863726458,9.60873031337,9.60873031337,7.34325902761,7.34325902761,5.17834840944,5.17834840944,-4.6,27.947642388000002,12.2827172077,5.67759087694,1,10,38.6378760577,5.81786277784,34.4970709997,5.94833928099,0.0,0.0,0.0,4.98397852095,4.98397852095,0.0,6.06636706846,59.8638330633,31.086860500700002,48.1754859653,28.421177722800003,22.6691269909,0.0,9.96795704189,0.0,19.3863996518,65.9649963943,59.1549239543,0.0,34.4970709997,38.6378760577,11.766202058800001,34.4970709997,0.0,65.71625510140001,19.3863996518,0.0,16.6903544751,42.4645694792,0.0,10.902924932100001,0.0,0.0,0.0,0.0,0.0,0.0,0.0,0.0,0.0,0.0,86.66666666666669,0,0,0,0,0,2,0,0,0,0,0,0,0,0,0,3,1,0,0,0,0,0,0,0,0,0,0,0,0,2,0,0,0,0,3,0,2,0,0,0,0,6,0,0,0,0,0,0,0,0,0,0,0,0,0,6,0,0,0,0,0,0,0,0,0,0,0,0,0,0,0,0,0,0,0,0,0,0,0,0,0,0,0,0,0,8,22,1,19,0,0,9,35,0,32,0,0,111,4,94,0,0,0,6,0,0,67,0,0,0,0,0,7,29,0,25,0,0,67,2,59,0,0,0,2,0,0,44,0,0,0,0,0,4,15,0,12,0,0,29,0,24,0,0,0,0,0,0,20,0,0,0,0,0,1
189,22,2.9722,6,3,3,84.08,125.68024821600001,295.298,0,0,0,0,0,0,0,0,0,0,0,0,0,0,0,0,0,0,0,0,0,0,0,0,0,0,0,0,0,0,0,0,0,0,0,0,0,0,1.9260874098713099,840.223133261,15.526733258565955,11.7907606204,11.7907606204,10.66903509559602,6.6165517959,6.6165517959,4.62906961697,4.62906961697,3.1859048124299996,3.1859048124299996,2.1139597650799997,2.1139597650799997,-3.15,13.8157885203,5.68786604715,2.66564178089,2,6,9.72084147475,0.0,5.78324494636,5.94833928099,0.0,6.093240070939999,10.1113257881,9.77851570502,0.0,0.0,30.3318353423,18.199101205399998,11.126902983399999,18.143198976500003,14.3259373219,28.8582257335,0.0,9.96795704189,0.0,0.0,12.4265861453,59.657839531099995,0.0,0.0,5.316788604009999,10.7428764651,0.0,0.0,28.954239600500003,4.7368629538,0.0,15.9214401675,48.5309365477,0.0,11.0334014352,0.0,0.0,0.0,0.0,0.0,0.0,0.0,0.0,0.0,0.0,55.16666666666667,0,0,0,0,0,2,1,0,0,0,2,2,0,0,0,1,2,0,0,0,0,1,0,0,0,0,0,1,0,1,0,0,0,0,2,0,1,0,0,0,0,1,0,0,0,0,0,1,0,0,0,1,0,0,0,1,0,0,0,0,0,0,0,0,0,0,0,0,0,0,0,0,0,0,0,0,0,0,0,0,0,0,0,0,0,4,15,3,12,0,5,4,29,7,22,0,12,86,9,77,0,18,3,17,0,8,58,0,11,0,0,10,3,20,6,14,0,9,63,9,54,0,18,2,9,0,6,42,0,11,0,0,10,2,8,3,5,0,4,31,7,24,0,12,1,2,0,3,21,0,8,0,0,6,0
202,20,1.3212,6,6,2,65.2,119.582352505,295.408,0,0,0,0,0,0,0,0,0,0,0,0,0,0,0,0,0,0,0,0,0,0,0,0,0,0,0,0,0,0,0,0,0,0,0,0,0,0,2.2934115103475876,689.506969995,14.750712376627062,12.1026798872,12.9191764681,9.409815381593782,6.55927849227,8.211543718589999,5.21033518329,7.1367543605499995,3.32787971923,4.66326134819,2.15782455096,2.9205526901,-1.37,15.027158953599999,5.948317132030001,3.59216660128,2,5,9.8838882518,0.0,0.0,10.0232911534,0.0,0.0,0.0,13.139891848800001,0.0,0.0,6.06636706846,50.8234746913,23.6445249096,5.75285360675,8.417796984330002,20.9262160855,0.0,14.6059831162,0.0,12.1736752297,27.687772353899998,35.5228477604,0.0,0.0,4.72209486445,0.0,0.0,0.0,45.9894575901,22.196966383099998,0.0,11.126902983399999,24.395944776999997,0.0,10.902924932100001,0.0,0.0,-3.2312693032459903,0.0,0.0,0.0,0.0,0.0,0.0,23.234845504623642,27.07975713195568,0,0,0,0,0,1,1,0,0,0,0,0,0,0,0,1,2,0,0,1,0,1,0,0,0,0,0,0,0,0,0,0,0,0,1,0,1,0,0,0,0,0,0,0,0,0,0,0,0,0,0,0,0,0,0,0,0,0,0,0,0,0,0,0,0,0,0,0,0,0,0,0,0,0,0,0,1,0,0,0,0,0,0,0,0,2,9,3,9,0,1,1,14,2,15,0,0,32,11,30,0,7,1,12,0,1,30,0,6,0,0,0,1,8,0,10,0,0,26,7,25,0,3,1,8,0,1,24,0,2,0,0,0,1,3,0,5,0,0,16,2,15,0,0,0,4,0,0,11,0,1,0,0,0,0
210,13,0.3506,4,3,1,72.72,76.4587929029,183.207,0,0,0,0,0,0,0,0,0,0,0,0,0,0,0,0,0,0,0,0,0,0,0,0,0,0,0,0,0,0,0,0,0,0,0,0,0,0,2.8351682624881787,288.188345085,9.844934982691242,7.358148644439999,7.358148644439999,6.147065707741406,3.9939231726099997,3.9939231726099997,2.82162703449,2.82162703449,1.78171707627,1.78171707627,1.05893100661,1.05893100661,-1.26,9.825178875639999,4.11256465855,2.33608141062,4,4,20.6363707885,0.0,11.499023666600001,0.0,0.0,0.0,0.0,0.0,0.0,0.0,6.06636706846,24.7438576113,6.544756405909999,6.10396638775,15.3195821845,0.0,0.0,5.316788604009999,0.0,6.10396638775,13.592428388599998,23.762552697100002,0.0,11.499023666600001,5.316788604009999,0.0,11.499023666600001,0.0,28.912010573099998,0.0,0.0,11.6674178794,18.199101205399998,0.0,0.0,0.0,0.0,0.0,0.0,0.0,0.0,0.0,0.0,0.0,0.0,36.33333333333333,0,1,1,0,0,0,0,2,0,0,0,0,0,0,0,0,1,0,0,1,0,0,0,0,0,0,0,0,0,0,0,0,0,0,1,0,0,0,0,0,0,0,0,0,0,0,0,0,0,0,0,0,0,0,0,0,0,0,0,0,0,0,0,0,0,2,2,0,0,0,0,0,0,0,0,0,0,0,0,0,0,0,0,0,0,3,6,4,6,0,1,3,9,3,9,0,0,15,9,15,0,0,5,13,0,0,15,0,0,0,0,0,3,8,3,8,0,0,13,8,13,0,0,4,10,0,0,13,0,0,0,0,0,1,6,1,6,0,0,5,5,5,0,0,1,6,0,0,5,0,0,0,0,0,0
223,14,0.0522,5,3,1,103.78,80.4103435163,197.19,0,0,0,0,0,0,0,0,0,0,0,0,0,0,0,0,0,0,0,0,0,0,0,0,0,0,0,0,0,0,0,0,0,0,0,0,0,0,2.7772680269131413,350.66523279800003,10.71517847069432,7.3437472041,7.3437472041,6.502907755397973,3.9967885591800005,3.9967885591800005,2.97192156537,2.97192156537,1.8126380016799999,1.8126380016799999,1.03722702891,1.03722702891,-1.75,10.3316326531,3.97211720227,2.36671445438,5,5,21.0532496617,6.04184082915,11.499023666600001,0.0,0.0,5.969305287949999,4.794537184069999,0.0,0.0,0.0,6.06636706846,24.117007251500002,0.0,0.0,20.114119368599997,5.969305287949999,0.0,0.0,5.73366747716,12.4626624521,0.0,23.762552697100002,0.0,11.499023666600001,5.73366747716,0.0,11.499023666600001,0.0,27.330728301599997,11.215358807000001,0.0,5.5634514916999995,18.199101205399998,0.0,0.0,0.0,0.0,0.0,0.0,0.0,0.0,0.0,0.0,0.0,0.0,44.5,1,0,0,0,0,0,0,2,1,1,1,0,0,0,0,0,0,1,0,0,0,0,0,0,0,0,0,0,0,0,0,0,0,0,1,0,0,0,0,0,0,0,0,0,0,0,0,0,0,0,0,0,0,0,0,0,0,0,0,0,0,0,0,0,0,2,2,0,0,0,0,0,0,0,0,0,0,0,0,0,0,0,0,0,0,4,6,4,7,3,1,5,3,3,3,6,0,15,13,15,15,0,2,3,5,0,21,18,0,3,0,0,2,3,2,3,3,0,14,11,14,11,0,1,3,2,0,18,14,0,2,0,0,2,3,2,3,3,0,6,5,6,5,0,1,3,2,0,8,7,0,1,0,0,1
237,21,1.1981,4,0,5,52.93,123.194685136,285.343,0,0,0,0,0,0,0,0,0,0,0,0,0,0,0,0,0,0,0,0,0,0,0,0,0,0,0,0,0,0,0,0,0,0,0,0,0,0,1.844525446747567,670.244221204,14.353006672199015,11.990011574,11.990011574,10.125864216121359,7.7133279544199995,7.7133279544199995,6.93011029357,6.93011029357,6.149738248659999,6.149738248659999,5.23841557071,5.23841557071,-1.52,12.0669274369,3.62268468818,1.20716413499,2,4,19.8498274743,12.2079327755,11.499023666600001,0.0,0.0,0.0,0.0,0.0,0.0,0.0,18.2184072821,38.0638901946,22.9381888364,0.0,14.949917743499999,0.0,0.0,4.89990973085,5.91790604616,36.5064073199,13.592428388599998,35.411677334000004,0.0,11.499023666600001,4.7368629538,0.0,11.499023666600001,0.0,46.9551665138,11.8358120923,5.91790604616,17.5477246063,24.2847743506,0.0,0.0,0.0,0.0,0.0,0.0,0.0,0.0,0.0,0.0,0.0,0.0,45.25,0,1,1,0,0,0,0,1,0,0,0,0,0,0,0,1,0,0,0,1,1,0,0,0,0,0,0,0,0,0,0,0,0,0,1,0,0,0,0,0,0,1,0,0,0,0,0,0,0,0,0,0,0,0,0,0,0,0,0,0,0,0,0,0,0,1,1,0,0,1,0,0,0,0,0,0,0,0,0,0,0,0,0,0,0,3,6,3,8,0,1,3,11,3,13,0,0,15,7,20,0,0,2,12,0,0,28,0,0,0,0,0,3,10,3,11,0,0,12,4,16,0,0,1,6,0,0,21,0,0,0,0,0,1,7,1,7,0,0,5,3,5,0,0,0,5,0,0,5,0,0,0,0,0,1
244,25,3.2414,4,11,2,58.56,149.39213962,341.45099999999996,0,0,0,0,0,0,0,0,0,0,0,0,0,0,0,0,0,0,0,0,0,0,0,0,0,0,0,0,0,0,0,0,0,0,0,0,0,0,1.8899771393046096,642.599238424,17.907566626119443,14.779853555399999,14.779853555399999,12.202708600407233,8.88097311101,8.88097311101,6.073886197819999,6.073886197819999,3.90899129451,3.90899129451,2.55042947877,2.55042947877,-2.17,19.158667409,10.644512318,6.686603137790001,2,4,15.160178952599999,18.4603601855,5.78324494636,0.0,0.0,0.0,4.794537184069999,0.0,0.0,0.0,49.3883066789,37.0825852804,12.965578028800001,5.5634514916999995,14.6379275327,5.78324494636,0.0,5.316788604009999,0.0,32.2901684562,19.6963947763,65.7242065995,0.0,5.749511833280001,10.0536515578,0.0,5.749511833280001,0.0,36.690133505300004,6.42082162293,0.0,35.686820613,54.5973036162,0.0,0.0,0.0,0.0,0.0,0.0,0.0,0.0,0.0,0.0,0.0,0.0,56.00000000000001,0,1,1,0,0,0,0,0,0,0,1,1,0,0,0,0,1,0,0,0,0,0,0,0,0,0,0,0,0,0,1,0,0,0,2,0,0,0,0,0,0,1,0,0,0,0,0,0,0,0,0,1,1,0,0,0,0,0,0,0,0,0,0,0,1,0,0,0,0,0,0,0,0,0,0,0,0,0,0,0,0,0,0,1,0,3,12,2,15,0,1,3,19,0,25,0,0,43,0,55,0,0,1,10,0,0,67,0,1,0,0,0,2,11,0,13,0,0,32,0,42,0,0,1,3,0,0,50,0,1,0,0,0,1,4,0,6,0,0,20,0,20,0,0,0,1,0,0,23,0,1,0,0,0,1
254,50,7.4446,9,12,6,110.13,288.14532473099996,667.7139999999999,0,0,0,0,0,0,0,0,0,0,0,0,0,0,0,0,0,0,0,0,0,0,0,0,0,0,0,0,0,0,0,0,0,0,0,0,0,0,1.6780369084876907,2041.89187689,35.36286759389039,27.8375555722,27.8375555722,24.285957258376346,15.6656512101,15.6656512101,11.3225967787,11.3225967787,8.577550544489998,8.577550544489998,5.951194342919999,5.951194342919999,-6.48,33.4221061338,14.3302225125,6.24018429446,0,9,18.9474518152,28.9159533793,17.3497348391,0.0,5.907179729349999,0.0,23.745248384099998,0.0,0.0,0.0,18.199101205399998,103.12824016399999,27.640030181300002,45.213270369300005,38.1256005515,34.1598395005,0.0,4.56709964779,0.0,5.91790604616,28.4391901651,154.838526823,0.0,22.9980473331,18.9474518152,0.0,22.9980473331,0.0,56.2632043813,0.0,0.0,58.6072402358,121.327341369,0.0,10.902924932100001,0.0,0.0,0.0,0.0,0.0,0.0,0.0,0.0,0.0,1.3208460884353737,118.67915391156464,0,0,0,0,0,1,0,0,0,0,4,4,0,0,0,1,0,0,0,0,0,0,0,0,0,0,0,0,0,0,0,0,0,0,5,0,1,0,0,0,0,4,0,0,0,0,0,0,0,0,0,3,2,0,0,4,0,0,0,0,0,0,0,0,1,0,0,0,0,0,0,0,0,0,0,0,0,0,0,0,0,0,0,0,0,8,33,0,32,0,0,11,79,0,74,0,0,215,0,193,0,0,0,0,0,0,199,0,0,0,0,0,9,45,0,40,0,0,118,0,108,0,0,0,0,0,0,107,0,0,0,0,0,1,24,0,23,0,0,48,0,41,0,0,0,0,0,0,41,0,0,0,0,0,0
260,62,0.8799,18,6,6,227.96,358.490060154,852.946,0,0,0,0,0,0,0,0,0,0,0,0,0,0,0,0,0,0,0,0,0,0,0,0,0,0,0,0,0,0,0,0,0,0,0,0,0,0,1.420792000328859,2202.14658264,44.82696920902813,35.2769187701,35.2769187701,29.547529406454128,20.5189351012,20.5189351012,16.006659527100002,16.006659527100002,11.5438559019,11.5438559019,8.0101982878,8.0101982878,-6.85,44.6962590407,19.2469670871,9.848385894289999,4,18,45.3933950841,47.845927313100006,11.735768824,29.5358986468,5.907179729349999,5.969305287949999,33.5617602885,9.77851570502,0.0,0.0,42.4645694792,62.0814889025,65.3792234749,0.0,48.1996878212,52.8830148851,0.0,35.6340735255,0.0,88.3065938766,39.132438490700004,89.74771230290001,0.0,5.749511833280001,20.8502755429,5.687386274680001,5.749511833280001,0.0,142.53156301200002,44.7194448652,0.0,67.1879698825,72.9268813247,0.0,0.0,0.0,0.0,0.0,0.0,0.0,0.0,0.0,0.0,0.0,0.0,159.5,0,0,0,0,0,1,0,1,0,0,8,8,0,0,0,5,3,0,0,1,0,0,0,0,0,0,0,6,0,1,0,0,0,0,2,0,2,0,0,0,1,1,0,0,0,0,0,0,0,0,0,1,1,0,1,0,0,0,0,0,0,0,0,0,0,0,0,0,0,1,0,0,0,1,0,0,0,0,0,0,0,0,0,0,0,11,18,7,13,0,0,29,53,19,34,0,0,46,13,31,0,0,6,15,0,0,31,0,0,0,0,0,17,27,12,15,0,0,45,10,31,0,0,4,8,0,0,30,0,0,0,0,0,5,10,7,5,0,0,29,5,20,0,0,0,3,0,0,20,0,0,0,0,0,1
264,39,0.0013,12,5,5,206.07,222.081397028,543.525,0,0,0,0,0,0,0,0,0,0,0,0,0,0,0,0,0,0,0,0,0,0,0,0,0,0,0,0,0,0,0,0,0,0,0,0,0,0,1.6862632099701689,1376.51874097,28.386022388089124,21.2101372677,21.2101372677,18.42777711723782,12.4118017354,12.4118017354,10.1599330605,10.1599330605,7.805280422639999,7.805280422639999,5.7502585727,5.7502585727,-3.39,27.187262938699998,9.662462759119999,4.11177282512,7,12,45.476893312799994,29.4564682753,17.8565166221,5.78324494636,0.0,0.0,14.3836115522,0.0,0.0,0.0,12.1327341369,12.9901042682,41.994660173,42.1120511796,54.126837387799995,17.3497348391,0.0,0.0,5.73366747716,62.4310196012,13.716679505799998,51.57981015560001,0.0,17.2485354999,10.470530431,0.0,17.2485354999,0.0,86.7399024641,20.6890847146,0.0,68.8391301516,18.199101205399998,0.0,0.0,0.0,0.0,0.0,0.0,0.0,0.0,0.0,0.0,0.0,0.0,109.41666666666669,0,3,2,0,0,0,0,2,0,0,3,3,0,0,0,0,0,1,0,0,0,0,0,0,0,0,0,0,0,0,0,0,0,0,2,0,3,0,0,0,0,3,0,0,0,0,0,0,0,0,0,3,1,0,0,1,0,0,0,0,0,0,0,0,0,2,2,0,0,0,0,0,0,0,0,0,0,0,0,0,0,0,0,0,0,11,12,6,12,0,1,31,33,16,33,0,2,53,23,53,0,0,9,14,0,1,53,0,0,0,0,0,20,23,10,23,0,1,31,10,31,0,0,5,9,0,0,31,0,0,0,0,0,8,11,4,11,0,0,10,3,10,0,0,2,4,0,0,10,0,0,0,0,0,1
265,26,4.0528699999999995,5,2,4,89.31,149.041291022,344.37,0,0,0,1,0,0,0,0,0,0,0,0,0,0,0,0,0,0,0,0,0,0,0,0,0,0,0,0,0,0,0,0,0,0,1,0,0,0,2.1823278545791776,1177.40987256,18.258784066134837,14.0755978325,14.0755978325,12.57971869811898,8.0668380186,8.0668380186,5.98076289033,5.98076289033,4.347583334119999,4.347583334119999,3.18601661481,3.18601661481,-3.6,15.900403000799999,6.0396484375,2.5015782820099997,3,5,20.2969649738,11.3432675605,0.0,0.0,0.0,5.969305287949999,0.0,4.794537184069999,0.0,0.0,18.199101205399998,35.895286834000004,34.3332476095,18.030479481300002,13.9485510749,22.625935918699998,5.40928360579,0.0,0.0,0.0,12.8434650184,71.5843526246,0.0,22.450601894000002,11.0908979255,5.687386274680001,0.0,0.0,13.0791028292,4.7368629538,5.40928360579,10.3579886758,65.0808216217,0.0,33.4198462501,0.0,0.0,0.0,0.0,0.0,0.0,0.0,0.0,0.0,5.980491307634165,55.686175359032504,0,0,0,1,0,0,0,0,0,0,1,1,0,0,0,0,1,1,0,0,0,0,0,0,0,0,0,0,0,1,0,0,0,0,3,0,2,0,0,0,1,1,0,0,0,0,0,0,0,0,0,0,0,0,0,1,0,0,0,0,0,0,0,0,0,0,0,0,0,0,0,0,0,0,0,0,0,0,0,0,0,0,0,0,0,2,12,2,19,0,0,1,17,0,26,0,0,54,7,86,0,0,1,9,0,0,144,0,0,0,0,0,1,9,0,13,0,0,33,3,51,0,0,0,7,0,0,93,0,0,0,0,0,1,3,0,4,0,0,17,2,23,0,0,0,5,0,0,38,0,0,0,0,0,1
277,33,-0.8854,10,3,6,149.15,189.149820484,461.467,0,0,0,0,0,0,0,0,0,0,0,0,0,0,0,0,0,0,0,0,0,0,0,0,0,0,0,0,0,0,0,0,0,0,0,0,0,0,1.3806890539873482,1029.42959506,23.23132184970987,17.9431485779,17.9431485779,15.73492512140199,11.222274186400002,11.222274186400002,9.775305210900001,9.775305210900001,8.23468420515,8.23468420515,6.655889764069999,6.655889764069999,-2.21,21.3317899468,7.1440899261699995,2.73059227379,5,10,44.64313556649999,30.519831938699998,23.8930167837,0.0,0.0,5.969305287949999,0.0,4.794537184069999,0.0,0.0,18.2184072821,38.0638901946,22.9381888364,0.0,44.5377630197,5.969305287949999,0.0,4.89990973085,5.91790604616,67.2122996002,13.592428388599998,35.411677334000004,0.0,11.499023666600001,4.7368629538,0.0,11.499023666600001,0.0,98.9499462666,26.104075184000003,5.91790604616,17.5477246063,24.2847743506,0.0,0.0,0.0,0.0,0.0,0.0,0.0,0.0,0.0,0.0,0.0,0.0,85.58333333333331,1,3,3,0,0,0,0,1,1,1,1,0,0,0,0,1,0,0,0,1,1,0,0,0,0,0,0,0,0,0,0,0,0,0,1,0,0,0,0,0,0,3,0,0,0,0,0,0,0,0,0,0,0,0,0,0,0,0,0,0,0,0,0,0,0,1,1,0,0,1,0,0,0,0,0,0,0,0,0,0,0,0,0,0,0,9,6,6,8,3,1,30,15,19,17,18,0,10,5,15,1,0,6,14,9,0,21,1,0,3,0,0,22,13,14,14,13,0,10,2,14,0,0,5,8,8,0,18,0,0,1,0,0,9,7,6,7,5,0,5,2,5,0,0,3,5,3,0,5,0,0,1,0,0,1
284,30,4.3081,8,6,4,29.95,178.81970715900002,437.531,3,1,0,0,0,0,0,0,0,0,0,0,0,0,0,0,0,0,0,0,0,0,0,0,0,0,0,0,0,0,0,0,0,0,0,0,0,0,1.4716669756319083,868.946529606,21.139617433688322,16.7364090065,17.5529055874,14.452839606072644,10.2676148645,11.0841114454,7.6621294426399995,8.74590639913,5.690228343459999,6.820496722300001,4.0768948719499996,5.153001693319999,-1.74,21.490469973200003,9.17669284884,4.77131533485,1,4,14.9063468565,0.0,0.0,0.0,0.0,6.176298517439999,4.89990973085,0.0,13.171245143,0.0,23.8946190863,43.2974133711,49.0595053865,23.5451060056,18.2777725379,23.1366574988,0.0,9.7998194617,0.0,22.3880870914,57.320086536800005,48.0280209709,0.0,0.0,4.89990973085,24.546017692399996,0.0,11.7618849494,67.32652366239999,6.176298517439999,0.0,11.9842731146,52.2555364303,0.0,0.0,0.0,0.0,1.5265755705177044,0.0,0.0,0.0,0.0,0.0,0.0,39.931902101441324,33.45818899470765,0,1,1,0,0,0,0,0,0,0,0,0,0,1,0,3,0,0,0,0,0,0,0,0,0,3,0,0,0,2,0,0,0,0,2,0,2,0,0,0,0,0,0,0,3,0,0,0,0,0,0,0,0,0,0,0,0,0,0,0,0,0,0,0,1,0,0,0,0,0,1,0,0,0,0,0,0,0,0,0,0,0,0,0,0,1,12,3,13,0,2,0,0,0,0,0,0,64,0,64,0,0,1,4,0,1,74,0,0,0,0,1,0,0,0,0,0,0,50,0,50,0,0,1,1,0,1,52,0,0,0,0,1,0,0,0,0,0,0,24,0,24,0,0,0,1,0,0,24,0,0,0,0,0,1
287,22,3.12852,4,2,4,39.82,128.938359401,293.37,0,0,0,0,0,0,0,0,0,0,0,0,0,0,0,0,0,0,0,0,0,0,0,0,0,0,0,0,0,0,0,0,0,0,0,0,0,0,1.7679612527097779,871.719968062,15.267220234572113,12.9126613049,12.9126613049,10.664703797946453,7.747799185880001,7.747799185880001,6.12452649668,6.12452649668,4.91571483064,4.91571483064,3.6681988749300003,3.6681988749300003,-2.36,13.3131386333,4.83378470204,1.8316089521599999,0,4,9.13419929558,5.824404498,5.78324494636,0.0,0.0,0.0,4.794537184069999,4.98397852095,0.0,0.0,18.199101205399998,25.831747514,54.0643259966,0.0,4.794537184069999,16.686169878399998,0.0,14.118177816500001,12.965578028800001,26.3101368515,0.0,53.740939401599995,0.0,0.0,0.0,0.0,0.0,0.0,19.9014227629,20.013250011500002,12.841643245899999,28.2971427915,36.6591554171,0.0,10.902924932100001,0.0,0.0,0.0,0.0,0.0,0.0,0.0,0.0,0.0,4.263832042076089,41.56950129125725,0,0,0,0,0,3,0,0,0,0,1,1,0,0,0,3,0,0,0,0,0,0,0,0,0,0,0,0,0,0,2,0,0,0,1,0,3,0,0,0,0,0,0,0,0,0,0,1,0,0,0,1,1,0,0,0,0,0,0,0,0,0,0,0,1,0,0,0,0,0,0,0,0,0,0,0,0,0,0,0,0,0,0,0,0,2,14,0,8,0,5,1,14,0,10,0,3,60,0,42,0,10,0,0,0,0,27,0,0,0,0,10,1,9,0,6,0,3,41,0,28,0,10,0,0,0,0,21,0,0,0,0,10,0,5,0,3,0,3,23,0,12,0,8,0,0,0,0,9,0,0,0,0,8,1
288,48,6.3746,10,11,6,111.25,279.149313511,646.744,0,0,0,0,0,0,0,0,0,0,0,0,0,0,0,0,0,0,0,0,0,0,0,0,0,0,0,0,0,0,0,0,0,0,0,0,0,0,1.1243901200260558,1960.12757989,33.62238061788424,27.462354608400002,27.462354608400002,23.380406291302396,15.6730311454,15.6730311454,11.526690586099999,11.526690586099999,8.59482105905,8.59482105905,5.93282369975,5.93282369975,-5.61,32.335594647,14.4363673707,7.03386198594,2,10,29.581029023200003,0.0,22.9980473331,0.0,11.814359458699998,0.0,19.4729626199,0.0,0.0,0.0,30.3318353423,71.9965672002,42.971090347,50.7701801408,28.536526183299998,34.0920569402,0.0,9.8838882518,0.0,19.3863996518,52.1622801849,112.87687292,0.0,22.9980473331,29.581029023200003,11.374772549400001,22.9980473331,0.0,63.2269506874,19.3863996518,0.0,37.406331826599995,85.0596154616,0.0,10.902924932100001,0.0,0.0,0.0,0.0,0.0,0.0,0.0,0.0,0.0,0.0,106.5,0,0,0,0,0,1,0,0,0,0,2,2,0,0,0,2,2,0,0,0,0,0,0,0,0,0,0,2,0,2,0,0,0,0,4,0,2,0,0,0,0,4,0,0,0,0,0,0,0,0,0,0,0,0,0,4,0,0,0,0,0,0,0,0,1,0,0,0,0,0,0,0,0,1,0,0,0,0,0,0,0,0,0,0,0,7,28,3,26,0,1,10,48,4,39,0,1,135,15,116,0,3,1,20,0,0,109,0,3,0,0,0,7,29,3,25,0,0,94,11,80,0,2,1,12,0,0,75,0,2,0,0,0,2,16,2,14,0,0,44,5,36,0,0,0,3,0,0,33,0,0,0,0,0,0
310,22,-0.32149,8,2,2,118.87,132.18151063,326.374,0,0,0,0,0,0,0,0,0,0,0,0,0,0,0,0,0,0,0,0,0,0,0,0,0,0,0,0,0,0,0,0,0,0,0,0,0,0,2.5620135993331288,666.422647347,16.601929816642453,12.1709865503,12.9874831312,10.327804920294028,6.76430427727,7.17255256773,5.3501392157,5.7368375467699995,3.8657277833999997,4.26654827689,2.65192789586,3.10644201085,-1.34,17.0208184577,6.41762640488,2.6730283751900004,4,7,29.730072181,35.1256761312,6.227901170730001,0.0,0.0,0.0,0.0,0.0,5.26189155474,0.0,12.217873443,25.477292959499998,5.69392799485,12.170333456199998,25.1629725332,12.217873443,5.26189155474,4.56709964779,0.0,44.491241121099996,6.606881964509999,27.5277873141,0.0,6.069221312790001,0.0,0.0,0.0,12.217873443,56.015956742700006,4.7368629538,29.8191765344,23.048732149,6.06636706846,0.0,0.0,0.0,0.0,5.285606575963719,0.0,0.0,0.0,0.0,0.0,0.0,1.5906292517006806,55.623764172335605,0,4,4,0,0,1,0,0,0,0,0,0,0,0,0,2,0,0,0,0,0,0,0,0,0,0,0,0,0,0,2,0,0,0,0,0,0,0,0,0,0,1,0,0,0,0,0,0,0,0,0,0,0,0,0,0,0,1,0,0,0,0,0,0,0,0,0,0,0,0,0,0,0,1,0,0,0,0,0,0,0,0,0,0,0,5,6,4,2,0,0,10,10,10,0,0,0,13,8,1,0,0,6,0,0,0,1,0,0,0,0,0,10,7,10,0,0,0,10,1,1,0,0,6,0,0,0,1,0,0,0,0,0,6,4,6,0,0,0,2,0,1,0,0,4,0,0,0,1,0,0,0,0,0,0
312,15,1.0938,8,3,1,121.53,83.5557326054,213.149,0,0,1,1,0,0,0,0,0,0,0,0,0,0,0,0,0,0,0,0,0,0,0,0,0,0,0,0,0,0,0,0,0,0,0,0,0,0,3.452382789635045,430.878987918,11.5854219586974,7.66771945089,7.66771945089,6.968432912787327,3.73325844751,3.73325844751,2.5970922434599997,2.5970922434599997,1.7202899523,1.7202899523,1.04305877115,1.04305877115,-2.38,10.6992393027,3.78003488851,1.9275093152200002,2,8,10.470530431,5.749511833280001,0.0,0.0,0.0,11.374772549400001,20.2286365375,0.0,0.0,0.0,0.0,0.0,0.0,34.7765400505,14.5834850514,17.062158824100003,0.0,0.0,0.0,0.0,12.8434650184,32.3613706745,0.0,5.749511833280001,10.470530431,17.062158824100003,5.749511833280001,0.0,16.9564196389,0.0,20.2286365375,0.0,12.1327341369,0.0,0.0,0.0,0.0,0.0,0.0,0.0,0.0,0.0,0.0,0.0,0.0,52.16666666666666,0,0,0,1,0,0,0,0,0,0,0,0,0,0,0,2,0,1,0,0,0,0,0,0,0,0,0,0,0,1,0,0,0,0,1,0,0,0,0,0,0,1,0,0,0,0,0,0,0,0,0,0,0,0,0,1,0,0,2,2,0,0,0,0,0,0,0,0,0,0,0,0,0,0,0,0,0,0,0,0,0,0,0,0,0,1,6,1,12,0,0,0,6,1,10,0,0,15,6,51,0,0,0,6,0,0,66,0,0,0,0,0,0,5,1,6,0,0,15,6,45,0,0,0,5,0,0,54,0,0,0,0,0,0,2,0,2,0,0,10,5,21,0,0,0,1,0,0,25,0,0,0,0,0,0
327,42,1.3386,13,5,7,160.83,240.229487925,588.562,0,0,0,0,0,0,0,0,0,0,0,0,0,0,0,0,0,0,0,0,0,0,0,0,0,0,0,0,0,0,0,0,0,0,0,0,0,0,1.3182370054389008,1352.53256046,29.283363613587646,23.1283478034,23.1283478034,20.282427298526212,13.777144189300001,13.777144189300001,10.988221669400001,10.988221669400001,8.74594815087,8.74594815087,6.73540078131,6.73540078131,-3.33,27.5000515248,10.4358017232,4.25865717346,3,13,57.9513487687,24.415865551,35.5781007918,12.5424541394,0.0,5.969305287949999,4.794537184069999,0.0,0.0,0.0,0.0,47.8795599486,11.8358120923,39.455231445500004,62.745885952799995,5.969305287949999,0.0,0.0,11.8358120923,55.941528643299996,34.2263013177,40.9558227489,0.0,28.7475591664,18.9474518152,0.0,28.7475591664,0.0,92.5111077998,28.478851953099998,11.8358120923,35.6359641087,24.2654682738,0.0,0.0,0.0,0.0,0.0,0.0,0.0,0.0,0.0,0.0,0.0,0.0,103.33333333333331,0,2,2,0,0,0,0,1,0,0,1,1,0,0,0,0,0,0,0,0,0,0,0,0,0,0,0,0,0,0,0,0,0,0,2,0,4,0,0,0,1,9,0,0,0,0,0,0,0,0,0,0,0,0,1,2,0,0,0,0,0,0,0,0,0,1,1,0,0,0,0,0,0,0,0,0,0,0,0,0,0,0,0,0,0,13,12,3,15,0,0,36,50,14,59,0,0,48,6,66,0,0,1,12,0,0,80,0,0,0,0,0,20,26,10,32,0,0,31,6,46,0,0,1,5,0,0,56,0,0,0,0,0,8,13,4,15,0,0,13,4,18,0,0,1,3,0,0,21,0,0,0,0,0,1
