,ID,HeavyAtomCount,MolLogP,NumHeteroatoms,NumRotatableBonds,RingCount,TPSA,LabuteASA,MolWt,FCount,FCount2,Tox_1,Tox_2,Tox_3,Tox_4,Tox_5,Tox_6,Tox_7,Tox_8,Tox_9,Tox_10,Tox_11,Tox_12,Tox_13,Tox_14,Tox_15,Tox_16,Tox_17,Tox_18,Tox_19,Tox_20,Tox_21,Tox_22,Tox_23,Tox_24,Tox_25,Tox_26,Tox_27,Tox_28,Tox_29,Tox_30,Tox_31,Tox_32,Tox_33,Tox_34,Tox_35,Tox_36,BalabanJ,BertzCT,Chi0,Chi0n,Chi0v,Chi1,Chi1n,Chi1v,Chi2n,Chi2v,Chi3n,Chi3v,Chi4n,Chi4v,HallKierAlpha,Kappa1,Kappa2,Kappa3,NHOHCount,NOCount,PEOE_VSA1,PEOE_VSA10,PEOE_VSA11,PEOE_VSA12,PEOE_VSA13,PEOE_VSA14,PEOE_VSA2,PEOE_VSA3,PEOE_VSA4,PEOE_VSA5,PEOE_VSA6,PEOE_VSA7,PEOE_VSA8,PEOE_VSA9,SMR_VSA1,SMR_VSA10,SMR_VSA2,SMR_VSA3,SMR_VSA4,SMR_VSA5,SMR_VSA6,SMR_VSA7,SMR_VSA8,SMR_VSA9,SlogP_VSA1,SlogP_VSA10,SlogP_VSA11,SlogP_VSA12,SlogP_VSA2,SlogP_VSA3,SlogP_VSA4,SlogP_VSA5,SlogP_VSA6,SlogP_VSA7,SlogP_VSA8,SlogP_VSA9,VSA_EState1,VSA_EState10,VSA_EState2,VSA_EState3,VSA_EState4,VSA_EState5,VSA_EState6,VSA_EState7,VSA_EState8,VSA_EState9,fr_Al_COO,fr_Al_OH,fr_Al_OH_noTert,fr_ArN,fr_Ar_COO,fr_Ar_N,fr_Ar_NH,fr_Ar_OH,fr_COO,fr_COO2,fr_C_O,fr_C_O_noCOO,fr_C_S,fr_HOCCN,fr_Imine,fr_NH0,fr_NH1,fr_NH2,fr_N_O,fr_Ndealkylation1,fr_Ndealkylation2,fr_Nhpyrrole,fr_SH,fr_aldehyde,fr_alkyl_carbamate,fr_alkyl_halide,fr_allylic_oxid,fr_amide,fr_amidine,fr_aniline,fr_aryl_methyl,fr_azide,fr_azo,fr_barbitur,fr_benzene,fr_benzodiazepine,fr_bicyclic,fr_diazo,fr_dihydropyridine,fr_epoxide,fr_ester,fr_ether,fr_furan,fr_guanido,fr_halogen,fr_hdrzine,fr_hdrzone,fr_imidazole,fr_imide,fr_isocyan,fr_isothiocyan,fr_ketone,fr_ketone_Topliss,fr_lactam,fr_lactone,fr_methoxy,fr_morpholine,fr_nitrile,fr_nitro,fr_nitro_arom,fr_nitro_arom_nonortho,fr_nitroso,fr_oxazole,fr_oxime,fr_para_hydroxylation,fr_phenol,fr_phenol_noOrthoHbond,fr_phos_acid,fr_phos_ester,fr_piperdine,fr_piperzine,fr_priamide,fr_prisulfonamd,fr_pyridine,fr_quatN,fr_sulfide,fr_sulfonamd,fr_sulfone,fr_term_acetylene,fr_tetrazole,fr_thiazole,fr_thiocyan,fr_thiophene,fr_unbrch_alkane,fr_urea,Acceptor_Count,Aromatic_Count,Donor_Count,Hydrophobe_Count,NegIonizable_Count,PosIonizable_Count,Acceptor:Acceptor-6.00,Acceptor:Aromatic-6.00,Acceptor:Donor-6.00,Acceptor:Hydrophobe-6.00,Acceptor:NegIonizable-6.00,Acceptor:PosIonizable-6.00,Aromatic:Aromatic-6.00,Aromatic:Donor-6.00,Aromatic:Hydrophobe-6.00,Aromatic:NegIonizable-6.00,Aromatic:PosIonizable-6.00,Donor:Donor-6.00,Donor:Hydrophobe-6.00,Donor:NegIonizable-6.00,Donor:PosIonizable-6.00,Hydrophobe:Hydrophobe-6.00,Hydrophobe:NegIonizable-6.00,Hydrophobe:PosIonizable-6.00,NegIonizable:NegIonizable-6.00,NegIonizable:PosIonizable-6.00,PosIonizable:PosIonizable-6.00,Acceptor:Acceptor-4.00,Acceptor:Aromatic-4.00,Acceptor:Donor-4.00,Acceptor:Hydrophobe-4.00,Acceptor:NegIonizable-4.00,Acceptor:PosIonizable-4.00,Aromatic:Aromatic-4.00,Aromatic:Donor-4.00,Aromatic:Hydrophobe-4.00,Aromatic:NegIonizable-4.00,Aromatic:PosIonizable-4.00,Donor:Donor-4.00,Donor:Hydrophobe-4.00,Donor:NegIonizable-4.00,Donor:PosIonizable-4.00,Hydrophobe:Hydrophobe-4.00,Hydrophobe:NegIonizable-4.00,Hydrophobe:PosIonizable-4.00,NegIonizable:NegIonizable-4.00,NegIonizable:PosIonizable-4.00,PosIonizable:PosIonizable-4.00,Acceptor:Acceptor-2.00,Acceptor:Aromatic-2.00,Acceptor:Donor-2.00,Acceptor:Hydrophobe-2.00,Acceptor:NegIonizable-2.00,Acceptor:PosIonizable-2.00,Aromatic:Aromatic-2.00,Aromatic:Donor-2.00,Aromatic:Hydrophobe-2.00,Aromatic:NegIonizable-2.00,Aromatic:PosIonizable-2.00,Donor:Donor-2.00,Donor:Hydrophobe-2.00,Donor:NegIonizable-2.00,Donor:PosIonizable-2.00,Hydrophobe:Hydrophobe-2.00,Hydrophobe:NegIonizable-2.00,Hydrophobe:PosIonizable-2.00,NegIonizable:NegIonizable-2.00,NegIonizable:PosIonizable-2.00,PosIonizable:PosIonizable-2.00,CLASS
13,13,25,3.24752,9,5,3,67.87,143.26279234,370.376,3,1,0,0,0,0,0,0,0,0,0,0,0,0,0,0,0,0,0,0,0,0,0,0,0,0,0,0,0,0,0,0,0,0,0,0,0,0,1.7863456398,891.3740944069999,18.0267332586,13.170345964000001,14.064773155,11.8323184574,7.3676395402,8.8124570395,5.398808327999999,6.8956437333,3.5565725698,4.8275965261,2.3026926548,3.5077555699,-2.42,17.4045605091,6.830535910599999,4.1629067911,1,5,9.7208414748,5.749511833300001,11.763318446300001,0.0,0.0,6.1762985174,9.192877013099999,4.983978521,13.171245143,0.0,12.1327341369,25.1228384051,22.5598641062,22.4801830368,22.117006589000002,21.8329704781,0.0,14.9519355628,0.0,24.0093258057,6.6068819645,47.7860584005,0,5.749511833300001,4.7368629538,13.171245143,5.749511833300001,0.0,31.944014536999997,16.5524226497,6.923737199700001,11.257379486500001,41.6851153957,0.0,11.0334014352,0,0,-1.9161462838999999,0,0,0,0,0,0,49.4775807843,24.7626395737,0,0,0,0,0,3,1,0,0,0,0,0,0,0,0,2,1,0,0,0,0,1,1,0,0,3,0,0,0,0,0,0,0,0,1,0,1,0,0,0,0,1,0,0,3,0,0,1,0,0,0,0,0,0,0,0,0,0,0,0,0,0,0,0,2,0,0,0,0,0,0,0,0,1,0,0,0,0,0,0,0,0,0,0,0,4,15,3,8,0,5,6,16,1,5,0,0,66,20,25,0,22,3,5,0,2,16,0,19,0,0,6,5,12,1,4,0,0,50,20,19,0,22,3,3,0,2,11,0,19,0,0,6,3,6,1,3,0,0,29,12,12,0,13,3,1,0,2,8,0,10,0,0,5,1
17,17,17,1.8291,5,3,2,55.76,103.41173415799999,254.669,0,0,0,0,0,0,0,0,0,0,0,0,0,0,0,0,0,0,0,0,0,0,0,0,0,0,0,0,0,0,0,0,0,0,0,0,0,0,2.2720527773,469.32836242800005,12.413849083399999,9.091374824199999,9.8473037703,8.1302289553,5.0188882537,5.3968527267,3.5746681786,3.9818683054000004,2.52998815,2.8741941979,1.6886909078999999,1.9362133659,-1.52,11.9507088321,4.772568397,2.2757695655,1,4,14.580253302400001,11.863131259400001,6.1039663878,0.0,0.0,5.969305287999999,0.0,4.7945371841,0.0,0.0,29.8000410956,6.0663670685,10.586084805399999,13.185817648099999,19.3747904865,17.5702451782,0.0,0.0,0.0,12.2079327755,7.1097975413,46.6867380578,0,0.0,0.0,0.0,0.0,11.6009398902,24.289596611799997,14.268263091700002,0.0,11.6674178794,36.1006532523,5.0226333137,0.0,0,0,5.9640610039999995,0,0,0,0,0,0,0.0,39.4803834404,0,1,1,0,0,0,0,0,0,0,1,1,0,0,0,0,0,0,0,0,0,0,0,0,0,0,0,0,0,0,0,0,0,0,1,0,0,0,0,0,1,2,0,0,1,0,0,0,0,0,0,0,0,0,1,1,0,0,0,0,0,0,0,0,0,0,0,0,0,0,0,0,0,0,0,0,0,0,0,0,0,0,0,0,0,4,6,1,6,0,0,6,0,3,0,0,0,15,3,15,0,0,0,0,0,0,15,0,0,0,0,0,5,0,2,0,0,0,15,1,15,0,0,0,0,0,0,15,0,0,0,0,0,3,0,0,0,0,0,10,0,10,0,0,0,0,0,0,10,0,0,0,0,0,0
23,23,36,3.8203,9,7,4,111.01,209.084566905,491.54400000000004,0,0,1,0,0,0,0,0,0,0,0,0,0,0,0,0,0,0,0,0,0,0,0,0,0,0,0,0,0,0,0,0,0,0,0,0,0,0,1.5986724381,1237.07991438,25.819261998400002,20.5231970196,20.5231970196,17.2780960009,11.7660117821,11.7660117821,9.0157469575,9.0157469575,6.5517939926999995,6.5517939926999995,4.8897670268999995,4.8897670268999995,-3.98,25.1230655241,10.739455449100001,5.3070795097,1,9,14.790514511600001,6.1039663878,0.0,0.0,5.687386274700001,11.938610575899999,15.014227999600001,9.589074368099999,0.0,0.0,42.4645694792,31.3951990057,43.1610819808,29.0972236964,23.9861113246,17.6259968506,0.0,10.2166983349,0.0,38.8349248621,20.1993103531,98.37881255459999,0,0.0,5.316788604,5.687386274700001,0.0,0.0,48.0651080964,25.6075566817,10.1143182688,37.3131050519,77.1375913024,0.0,0.0,0,0,0.0,0,0,0,0,0,0,0.0,89.1666666667,0,0,0,0,0,0,0,0,0,0,2,2,0,0,0,2,1,0,0,0,1,0,0,0,0,0,2,0,0,0,0,0,0,0,2,0,0,0,1,0,2,2,0,0,0,0,0,0,0,0,0,0,0,0,0,1,0,0,1,1,1,0,0,0,0,0,0,0,0,0,0,0,0,0,0,0,0,0,0,0,0,0,0,0,0,4,12,2,18,0,1,6,3,2,3,0,2,30,2,48,0,2,0,16,0,0,70,0,4,0,0,0,3,0,2,0,0,2,30,0,46,0,0,0,9,0,0,60,0,1,0,0,0,2,0,0,0,0,0,20,0,28,0,0,0,3,0,0,34,0,0,0,0,0,1
26,26,16,3.6212,6,4,0,6.48,117.90714002899999,296.552,0,0,0,0,0,0,0,0,0,0,0,0,0,0,0,0,0,0,0,0,0,0,0,0,0,0,0,0,0,0,0,0,0,0,0,0,0,0,4.0417844060000006,200.858919086,12.552041763900002,10.3558474776,13.621833801300001,7.5992840726,5.523715031900001,8.4900415271,3.0430618966000003,6.4400253066,2.2275241502000003,5.9590137619000005,1.1403091208,4.199059082200001,0.48,16.48,9.5039500759,5.7026903724,0,2,9.7998194617,8.6410681711,0.0,0.0,0.0,0.0,0.0,0.0,0.0,0.0,24.435746886100002,49.2827447515,26.1790256237,0.0,0.0,54.66461101,0.0,9.7998194617,0.0,27.694948798800002,26.1790256237,0.0,0,0.0,0.0,0.0,0.0,46.023542838900006,44.6199132565,0.0,0.0,27.694948798800002,0.0,0.0,0.0,0,0,13.8663151927,0,0,0,0,0,0,1.8416780044999999,16.6253401361,0,0,0,0,0,0,0,0,0,0,0,0,2,0,0,2,0,0,0,0,0,0,0,0,0,0,0,0,0,0,0,0,0,0,0,0,0,0,0,0,0,0,0,0,0,0,0,0,0,0,0,0,0,0,0,0,0,0,0,0,0,0,0,0,0,0,0,0,0,0,0,0,0,0,0,0,0,0,0,0,0,0,0,0,0,0,0,2,0,0,0,0,0,0,0,0,0,0,0,0,0,0,1,0,0,0,0,0,0,0,0,0,0,0,0,0,0,0,0,0,0,0,0,0,0,0,0,0,0,0,0,0,0,0,0,0,0,0,0,0,0,0,0,0,0,0,0,0,0,0,0,0,0,0,0
41,41,21,1.1981,4,0,5,52.93,123.194685136,285.343,0,0,0,0,0,0,0,0,0,0,0,0,0,0,0,0,0,0,0,0,0,0,0,0,0,0,0,0,0,0,0,0,0,0,0,0,0,0,1.8445254466999998,670.244221204,14.353006672200001,11.990011574,11.990011574,10.1258642161,7.7133279544,7.7133279544,6.9301102936,6.9301102936,6.1497382487,6.1497382487,5.2384155707,5.2384155707,-1.52,12.0669274369,3.6226846882,1.207164135,2,4,19.8498274743,12.2079327755,11.499023666600001,0.0,0.0,0.0,0.0,0.0,0.0,0.0,18.2184072821,38.0638901946,22.9381888364,0.0,14.949917743499999,0.0,0.0,4.8999097309,5.9179060462,36.5064073199,13.592428388599998,35.411677334000004,0,11.499023666600001,4.7368629538,0.0,11.499023666600001,0.0,46.9551665138,11.8358120923,5.9179060462,17.5477246063,24.2847743506,0.0,0.0,0,0,0.0,0,0,0,0,0,0,0.0,45.25,0,1,1,0,0,0,0,1,0,0,0,0,0,0,0,1,0,0,0,1,1,0,0,0,0,0,0,0,0,0,0,0,0,0,1,0,0,0,0,0,0,1,0,0,0,0,0,0,0,0,0,0,0,0,0,0,0,0,0,0,0,0,0,0,0,1,1,0,0,1,0,0,0,0,0,0,0,0,0,0,0,0,0,0,0,3,6,3,8,0,1,3,0,2,0,0,0,10,14,20,0,5,3,2,0,0,21,0,5,0,0,0,1,0,0,0,0,0,10,9,20,0,4,2,2,0,0,21,0,4,0,0,0,1,0,0,0,0,0,8,1,12,0,1,1,1,0,0,13,0,1,0,0,0,1
58,58,17,0.9608,6,5,1,104.64,98.48602974459999,238.243,0,0,0,0,0,0,0,0,0,0,0,0,0,0,0,0,0,0,0,0,0,0,0,0,0,0,0,0,0,0,0,0,0,0,0,0,0,0,2.6439639626,362.317637667,12.673362107400001,9.1660088778,9.1660088778,8.0922241529,4.9870524374,4.9870524374,3.367686683,3.367686683,2.1245304028,2.1245304028,1.3312179481,1.3312179481,-2.24,12.8277506775,6.365816485700001,4.8737045354,4,6,20.941060861900002,13.213763929,0.0,0.0,0.0,12.1864801419,0.0,9.589074368099999,0.0,0.0,30.3318353423,5.5634514916999995,0.0,5.9179060462,19.0628002757,12.1864801419,0.0,0.0,11.4673349543,5.9179060462,13.213763929,35.895286834000004,0,0.0,11.4673349543,9.589074368099999,0.0,0.0,25.4002440709,9.4737259076,0.0,11.4813575379,30.3318353423,0.0,0.0,0,0,0.0,0,0,0,0,0,0,0.0,48.3333333333,0,0,0,0,0,0,0,0,0,0,2,2,0,0,0,0,0,2,0,0,0,0,0,0,0,0,0,2,0,0,0,0,0,0,1,0,0,0,0,0,0,2,0,0,0,0,0,0,0,0,0,0,0,0,0,0,0,0,0,0,0,0,0,0,0,0,0,0,0,0,0,2,0,0,0,0,0,0,0,0,0,0,0,0,0,4,6,2,7,0,0,6,0,5,0,0,0,10,4,15,0,0,0,0,0,0,15,0,0,0,0,0,5,0,4,0,0,0,10,0,15,0,0,0,0,0,0,15,0,0,0,0,0,3,0,2,0,0,0,8,0,12,0,0,0,0,0,0,12,0,0,0,0,0,1
64,64,18,3.1084,2,3,3,21.26,107.96029659700001,241.334,0,0,0,0,0,0,0,0,0,0,0,0,0,0,0,0,0,0,0,0,0,0,0,0,0,0,0,0,0,0,0,0,0,0,0,0,0,0,1.6644334228,517.2408167130001,12.208896013399999,10.5625843499,10.5625843499,8.915816238,6.7169182886000005,6.7169182886000005,4.9418659442,4.9418659442,3.5857580364999997,3.5857580364999997,2.5047484214,2.5047484214,-1.38,11.695902123,5.508072875,2.7125506519,1,2,10.0536515578,0.0,0.0,0.0,0.0,0.0,0.0,0.0,0.0,0.0,36.398202410799996,48.3334230468,0.0,12.7108483523,4.7368629538,10.7724484289,0.0,5.316788604,0.0,25.552491598099998,13.0895128118,48.0280209709,0,0.0,5.316788604,0.0,0.0,0.0,19.1934791996,11.343744918299999,0.0,18.4050947375,42.4645694792,0.0,10.7724484289,0,0,0.0,0,0,0,0,0,0,0.0,33.8333333333,0,0,0,0,0,0,0,0,0,0,0,0,0,0,0,0,1,0,0,0,0,0,0,0,0,0,0,0,0,0,0,0,0,0,2,0,1,0,0,0,0,1,0,0,0,0,0,0,0,0,0,0,0,0,0,0,0,0,0,0,0,0,0,0,0,0,0,0,0,1,0,0,0,0,0,0,0,0,0,0,0,0,0,0,0,1,10,1,10,0,1,0,4,0,4,0,0,45,0,45,0,0,0,0,0,0,45,0,0,0,0,0,0,1,0,1,0,0,41,0,41,0,0,0,0,0,0,41,0,0,0,0,0,0,0,0,0,0,0,23,0,23,0,0,0,0,0,0,23,0,0,0,0,0,0
68,68,25,3.5895,4,5,3,49.77,147.906676921,337.41900000000004,0,0,0,0,0,0,0,0,0,0,0,0,0,0,0,0,0,0,0,0,0,0,0,0,0,0,0,0,0,0,0,0,0,0,0,0,0,0,2.0790243347999997,808.5385029260001,17.811190308900002,14.6581530502,14.6581530502,12.0417138957,8.4541529176,8.4541529176,6.5565995305,6.5565995305,4.3049802256,4.3049802256,3.0945763631,3.0945763631,-2.59,17.2400941129,7.532399250499999,4.0898388093,1,4,14.7433000795,12.3563937978,0.0,0.0,0.0,5.969305287999999,4.7945371841,0.0,0.0,0.0,36.4078554491,54.9123587304,12.1082078976,6.420821622899999,14.6379275327,11.542409818,0.0,4.8999097309,0.0,19.4485252104,20.6401003713,70.7943955529,0,5.749511833300001,4.7368629538,0.0,5.749511833300001,0.0,36.615842784899996,17.822240771500002,0.0,28.6746275897,48.5405895861,0.0,5.5731045301,0,0,0.0,0,0,0,0,0,0,0.0,56.1666666667,1,0,0,0,0,0,0,0,1,1,1,0,0,0,0,1,0,0,0,0,0,0,0,0,0,0,0,0,0,0,0,0,0,0,2,0,2,0,0,0,0,1,0,0,0,0,0,0,0,0,0,0,0,0,0,0,0,0,0,0,0,0,0,0,0,0,0,0,0,0,0,0,0,0,0,0,0,0,0,0,0,0,0,0,0,3,12,2,16,3,1,3,4,2,5,4,0,43,8,68,15,4,0,6,0,0,92,25,7,3,0,0,1,4,1,5,2,0,29,2,50,10,0,0,2,0,0,70,14,3,3,0,0,1,3,1,4,1,0,15,0,24,3,0,0,1,0,0,32,4,1,3,0,0,1
72,72,19,3.0321,3,6,2,21.7,113.93518991200001,257.33299999999997,0,0,0,0,0,0,0,0,0,0,0,0,0,0,0,0,0,0,0,0,0,0,0,0,0,0,0,0,0,0,0,0,0,0,0,0,0,0,2.034821621,429.122310892,13.5017892322,11.3216699187,11.3216699187,9.237183443,6.3199232638,6.3199232638,4.5536090111,4.5536090111,2.535687139,2.535687139,1.6984207541999998,1.6984207541999998,-2.0,13.4320987654,6.8052930057,4.6390532544,0,3,14.3736356385,11.499023666600001,0.0,0.0,6.290026729299999,0.0,0.0,0.0,0.0,0.0,36.398202410799996,38.3608122392,0.0,6.5447564059,9.4737259076,0.0,0.0,4.8999097309,0.0,6.290026729299999,20.6401003713,60.6636706846,0,11.499023666600001,9.4737259076,0.0,11.499023666600001,0.0,31.8300368315,0.0,0.0,0.0,60.6636706846,0.0,0.0,0,0,0.0,0,0,0,0,0,0,0.0,39.1666666667,0,0,0,0,0,0,0,0,0,0,0,0,0,0,0,1,0,0,0,1,0,0,0,0,0,0,0,0,0,0,0,0,0,0,2,0,0,0,0,0,0,2,0,0,0,0,0,0,0,0,0,0,0,0,0,0,0,0,0,0,0,0,0,0,2,0,0,0,0,0,0,0,0,0,0,0,0,0,0,0,0,0,0,0,0,2,12,1,12,0,1,1,9,2,9,0,2,38,11,38,0,11,0,0,0,0,38,0,11,0,0,0,1,6,2,6,0,2,28,5,28,0,5,0,0,0,0,28,0,5,0,0,0,0,2,1,2,0,1,18,1,18,0,1,0,0,0,0,18,0,1,0,0,0,1
78,78,17,1.3404,4,6,1,58.36,102.797106571,235.331,0,0,0,1,0,0,0,0,0,0,0,0,0,0,0,0,0,0,0,0,0,0,0,0,0,0,0,0,0,0,0,0,0,0,0,0,0,0,2.3694575786,344.18713689199996,12.673362107400001,10.5706403567,10.5706403567,8.1682337578,6.030616735900001,6.030616735900001,3.9047920315,3.9047920315,2.7808877872,2.7808877872,1.6039375493,1.6039375493,-1.55,13.5147249191,6.9099229453,4.4439980456,3,4,15.950365812000001,0.0,0.0,0.0,5.9071797294,0.0,4.7945371841,0.0,0.0,0.0,13.847474399400001,37.354981085700004,24.340350578200002,0.0,4.7945371841,11.594566004,0.0,10.2166983349,0.0,13.847474399400001,31.9126931008,29.8289197655,0,0.0,11.050456081199998,5.687386274700001,0.0,0.0,36.986115083899996,0.0,0.0,24.2054630752,24.2654682738,0.0,0.0,0,0,0.0,0,0,0,0,0,0,0.0,38.5,0,0,0,1,0,0,0,0,0,0,1,1,0,0,0,1,1,1,0,1,0,0,0,0,0,0,0,1,0,1,0,0,0,0,1,0,0,0,0,0,0,0,0,0,0,0,0,0,0,0,0,0,0,0,0,0,0,0,0,0,0,0,0,0,0,0,0,0,0,0,0,0,0,0,0,0,0,0,0,0,0,0,0,0,0,1,6,3,6,0,1,0,0,2,0,0,1,15,10,15,0,4,1,0,0,1,15,0,4,0,0,0,0,0,2,0,0,1,15,5,15,0,1,1,0,0,1,15,0,1,0,0,0,0,0,1,0,0,0,10,1,10,0,0,0,0,0,0,10,0,0,0,0,0,0
96,96,30,5.0067,6,7,4,73.44,174.33738738,404.466,0,0,0,0,0,0,0,0,0,0,0,0,0,0,0,0,0,0,0,0,0,0,0,0,0,0,0,0,0,0,0,0,1,0,0,0,0,0,1.7729339990000001,1182.23383529,21.0872111909,17.2679230116,17.2679230116,14.5628819457,9.864678871599999,9.864678871599999,7.3677741045000005,7.3677741045000005,4.7825102181,4.7825102181,3.5005838759,3.5005838759,-3.38,19.9157283366,8.5492561968,3.9972030208,1,6,19.1945673823,12.3563937978,5.6939279949,0.0,0.0,5.969305287999999,0.0,9.778515705,0.0,0.0,30.3318353423,37.6100270965,28.9623981795,24.424392641500003,19.0051260455,27.7751551521,0.0,9.9679570419,0.0,33.1652047162,7.1097975413,71.5486110975,0,5.749511833300001,4.7368629538,0.0,5.749511833300001,0.0,29.1510262589,22.687489836599998,0.0,35.4628425617,54.7277801193,0.0,21.805849864200002,0,0,0.0,0,0,0,0,0,0,0.0,66.3333333333,0,0,0,0,0,2,1,0,0,0,1,1,0,0,0,1,1,0,0,0,0,1,0,0,0,0,0,0,0,0,0,0,0,0,2,0,3,0,0,0,1,3,0,0,0,0,0,0,0,0,0,0,0,0,0,1,0,0,0,0,0,0,0,0,0,0,0,0,0,0,0,0,0,1,0,0,0,0,0,0,0,0,0,0,0,5,19,1,17,0,0,6,2,0,13,0,0,126,8,101,0,0,0,4,0,0,83,0,0,0,0,0,6,2,0,9,0,0,93,7,65,0,0,0,1,0,0,59,0,0,0,0,0,1,2,0,4,0,0,47,3,32,0,0,0,0,0,0,32,0,0,0,0,0,0
101,101,43,3.2099,16,12,5,200.11,245.94699714,605.637,0,0,0,0,0,0,0,0,0,0,0,0,0,0,0,0,0,0,0,0,0,0,0,0,0,0,0,0,0,0,0,0,0,0,0,0,0,0,1.6546338201,1800.73527746,30.3987659788,23.2922650302,24.1087616112,20.7843567257,12.9431385692,14.4263018168,9.2102234601,10.8394976269,5.9704677855999995,7.2246972205999995,3.8073948968,4.7435181995999995,-5.22,29.2784803804,12.745914646300001,6.6523741578,3,15,19.3171162562,12.3008099594,28.167250921100003,11.573916331300001,15.903279489800001,0.0,9.7060733854,9.9679570419,18.615160600899998,10.197363616599999,32.0465756048,47.0265779758,17.9571386349,13.716679505799998,27.7349132406,15.8411539312,0.0,40.5600478917,0.0,24.7913404242,25.0456563348,66.4880751826,0,46.034712318800004,18.9326837259,5.817862777799999,23.1285238363,0.0,74.4079337412,10.0232911534,0.0,25.328831937199997,65.95058366960001,0.0,22.9061884825,0,0,-4.278411784599999,0,0,0,0,0,0,27.122332763400003,83.2394123545,0,1,1,0,0,8,1,0,0,0,0,0,0,0,0,7,2,0,0,0,0,1,0,0,0,0,0,0,0,1,0,0,0,0,1,0,0,0,0,0,0,3,0,0,0,0,0,0,0,0,0,0,0,0,0,1,0,0,0,0,0,0,0,0,2,0,0,0,0,0,0,0,0,2,0,0,1,0,0,1,0,0,0,0,0,13,29,5,11,0,0,40,89,17,32,0,0,185,45,72,0,0,3,0,0,0,26,0,0,0,0,0,27,55,11,16,0,0,120,24,49,0,0,3,0,0,0,25,0,0,0,0,0,14,28,7,6,0,0,57,7,23,0,0,3,0,0,0,14,0,0,0,0,0,0
102,102,30,4.1074,5,16,2,81.95,180.27885348200002,415.574,0,0,0,0,0,0,0,0,0,0,0,0,0,0,0,0,0,0,0,0,0,0,0,0,0,0,0,0,0,0,0,0,0,0,0,0,0,0,1.3851337618000001,692.802908533,21.4431005321,17.9313228739,17.9313228739,14.7027086004,11.1352381844,11.1352381844,7.7354768626,7.7354768626,5.2355363264,5.2355363264,3.3836432849,3.3836432849,-1.92,24.350373054299997,14.9673413953,9.720794934099999,4,5,25.373233742300002,5.749511833300001,0.0,0.0,0.0,0.0,0.0,0.0,0.0,0.0,49.2398456566,61.9085016409,25.3219718266,12.7108483523,20.0564451383,0.0,0.0,5.316788604,0.0,57.65659971270001,26.303276740900003,65.2212910228,0,5.749511833300001,5.316788604,0.0,5.749511833300001,0.0,41.6228589254,17.764566541199997,0.0,61.3192506004,48.5309365477,0.0,0.0,0,0,0.0,0,0,0,0,0,0,0.0,66.0,0,2,2,0,0,0,0,1,0,0,0,0,0,0,0,0,1,0,0,0,0,0,0,0,0,0,0,0,0,0,1,0,0,0,2,0,0,0,0,0,0,1,0,0,0,0,0,0,0,0,0,0,0,0,0,0,0,0,0,0,0,0,0,0,0,1,0,0,0,0,0,0,0,0,0,0,0,0,0,0,0,0,0,10,0,4,12,4,19,0,1,1,2,1,5,0,0,25,21,31,0,5,3,4,0,0,63,0,5,0,0,0,1,0,1,3,0,0,25,19,25,0,4,1,3,0,0,45,0,4,0,0,0,1,0,1,1,0,0,18,9,18,0,0,1,1,0,0,29,0,0,0,0,0,1
103,103,21,3.875,2,4,3,6.48,127.55692831299999,280.415,0,0,0,0,0,0,0,0,0,0,0,0,0,0,0,0,0,0,0,0,0,0,0,0,0,0,0,0,0,0,0,0,0,0,0,0,0,0,1.9460857282,556.520278223,14.656489770599999,13.0487632504,13.0487632504,10.254020195399999,7.8359036381,7.8359036381,6.0658919419,6.0658919419,4.2155475402,4.2155475402,3.1561689443,3.1561689443,-1.8,14.1505161979,6.3148433102,3.1083454811,0,2,9.7998194617,0.0,0.0,0.0,0.0,0.0,0.0,0.0,0.0,0.0,36.398202410799996,63.1622023604,17.9195289553,0.0,0.0,11.374772549400001,0.0,4.8999097309,0.0,19.262464868800002,32.084766508,59.657839531099995,0,0.0,4.8999097309,11.374772549400001,0.0,0.0,32.084766508,12.841643245899999,0.0,17.5477246063,48.5309365477,0.0,0.0,0,0,0.0,0,0,0,0,0,0,0.0,38.1666666667,0,0,0,0,0,0,0,0,0,0,0,0,0,0,0,2,0,0,0,0,0,0,0,0,0,0,0,0,0,2,2,0,0,0,2,0,2,0,0,0,0,0,0,0,0,0,0,0,0,0,0,0,0,0,0,0,0,0,0,0,0,0,0,0,2,0,0,0,0,0,0,0,0,0,0,0,0,0,0,0,0,0,0,0,0,0,12,1,13,0,1,0,0,0,0,0,0,43,6,50,0,6,0,3,0,0,54,0,7,0,0,0,0,0,0,0,0,0,31,1,37,0,1,0,1,0,0,40,0,2,0,0,0,0,0,0,0,0,0,15,0,16,0,0,0,1,0,0,16,0,1,0,0,0,1
105,105,21,4.1583,3,7,2,50.19,124.528892927,281.355,0,0,0,0,0,0,0,0,0,0,0,0,0,0,0,0,0,0,0,0,0,0,0,0,0,0,0,0,0,0,0,0,0,0,0,0,0,0,2.114025274,549.630095721,14.9160027946,11.9046052981,11.9046052981,10.2708569478,7.149306076499999,7.149306076499999,4.8650455422,4.8650455422,3.2505624980000003,3.2505624980000003,2.2091238104,2.2091238104,-2.42,14.978146573399998,7.9987876255999995,4.877052583399999,1,3,5.1065273948000005,0.0,0.0,0.0,0.0,5.969305287999999,9.778515705,0.0,0.0,0.0,42.474222517600005,36.465387959,24.3779602578,0.0,9.9010645789,11.542409818,0.0,4.983978521,0.0,25.683286491700002,0.0,72.06117971270001,0,0.0,0.0,0.0,0.0,0.0,16.059811203699997,4.7945371841,0.0,36.8101894751,60.9342767293,0.0,5.5731045301,0,0,0.0,0,0,0,0,0,0,0.0,48.6666666667,1,0,0,0,0,1,0,0,1,1,1,0,0,0,0,1,0,0,0,0,0,0,0,0,0,0,1,0,0,0,0,0,0,0,1,0,0,0,0,0,0,0,0,0,0,0,0,0,0,0,0,0,0,0,0,0,0,0,0,0,0,0,0,0,0,0,0,0,0,0,0,0,0,1,0,0,0,0,0,0,0,0,0,2,0,3,12,1,13,3,0,1,3,1,2,1,0,43,0,38,1,0,0,1,0,0,55,15,0,3,0,0,1,3,1,2,1,0,30,0,29,0,0,0,1,0,0,42,9,0,3,0,0,1,3,1,2,1,0,17,0,16,0,0,0,1,0,0,23,3,0,3,0,0,0
130,130,26,2.3617,7,5,4,45.78,156.75759805200002,371.87199999999996,0,0,0,0,0,0,0,0,0,0,0,0,0,0,0,0,0,0,0,0,0,0,0,0,0,0,0,0,0,0,0,0,0,0,0,0,0,0,1.2829703463,942.25251787,17.9325106525,14.5908303628,15.346759308800001,12.7035099382,8.976748196,9.354712669,6.596668885900001,7.0331046663,4.8783201705,5.1134172733,3.4603526783,3.6448810575,-2.31,17.1213066176,7.5145213902,3.6135656637999998,0,6,4.8999097309,0.0,5.647177220800001,0.0,0.0,5.689743398200001,9.300604337100001,9.4763401192,0.0,5.098681808299999,23.7336740272,36.752656965199996,56.1754015955,0.0,0.0,22.935503385700002,0.0,19.081089080599998,0.0,12.965578028800001,37.6236917604,64.1683269469,0,0.0,10.5896531291,5.687386274700001,0.0,11.6009398902,51.8048711101,6.5447564059,0.0,6.420821622899999,53.455950234899994,5.0226333137,5.647177220800001,0,0,6.0889805936000005,0,0,0,0,0,0,3.1540816651999997,46.034715518999995,0,0,0,0,0,3,0,0,0,0,0,0,0,0,0,5,0,0,0,0,0,0,0,0,0,0,0,0,0,1,1,0,0,0,1,0,1,0,0,0,0,0,0,0,1,0,0,0,0,0,0,0,0,0,0,0,0,0,0,0,0,0,0,0,0,0,0,0,0,0,1,0,0,1,0,0,0,0,0,0,0,0,0,0,0,2,15,1,7,0,1,0,4,0,0,0,0,43,0,15,0,0,0,3,0,0,16,0,1,0,0,0,0,4,0,0,0,0,37,0,12,0,0,0,1,0,0,13,0,1,0,0,0,0,2,0,0,0,0,22,0,8,0,0,0,1,0,0,8,0,1,0,0,0,1
133,133,18,1.16802,7,3,2,97.97,104.943264175,264.31,0,0,0,1,0,0,0,0,0,0,0,0,0,0,0,0,0,0,0,0,0,0,0,0,0,0,0,0,0,0,0,0,0,0,0,0,0,0,2.2981199679,652.998359754,13.173362107400001,9.6606239467,10.4771205276,8.4711636777,5.1526517144,6.635814962,3.6961633379000003,5.378565579299999,2.2108654164,3.5549363083,1.3241761705,2.2751215155,-2.15,12.3106890965,4.6128912307,2.7476688723000002,3,6,5.7336674772,0.0,0.0,5.948339281,10.0232911534,0.0,0.0,23.1078488907,0.0,0.0,0.0,37.255572541999996,17.578157841099998,4.8954834755,8.417796984299999,21.659016709099998,0.0,9.9679570419,0.0,11.8192206752,10.4557623416,42.2226069088,0,0.0,10.4557623416,11.635725555699999,0.0,0.0,18.385754026199997,10.0232911534,6.923737199700001,5.6939279949,41.4241623894,0.0,0.0,0,0,-3.6774074074,0,0,0,0,0,0,23.984501133800002,27.776239606999997,0,0,0,1,0,2,0,0,0,0,0,0,0,0,0,2,1,1,0,0,0,0,0,0,0,0,0,0,0,2,1,0,0,0,1,0,0,0,0,0,0,0,0,0,0,0,0,0,0,0,0,0,0,0,0,0,0,0,0,0,0,0,0,0,0,0,0,0,0,0,0,0,0,0,0,0,1,0,0,0,0,0,0,0,0,4,12,2,6,0,0,6,16,6,0,0,0,44,12,10,0,0,1,0,0,0,10,0,0,0,0,0,5,12,4,0,0,0,32,10,10,0,0,0,0,0,0,10,0,0,0,0,0,3,6,3,0,0,0,19,3,8,0,0,0,0,0,0,8,0,0,0,0,0,0
145,145,24,4.9853,2,1,4,37.3,147.33546666799998,332.528,0,0,0,0,0,0,0,0,0,0,0,0,0,0,0,0,0,0,0,0,0,0,0,0,0,0,0,0,0,0,0,0,0,0,0,0,0,0,1.6095966318000001,538.0880044769999,17.3280626458,16.1061742626,16.1061742626,11.1731043819,10.4014765878,10.4014765878,10.6430788449,10.6430788449,9.4443830495,9.4443830495,8.0989841254,8.0989841254,-0.37,17.0643793313,5.3154962874,2.2736893572,1,2,5.1065273948000005,5.7832449464,0.0,0.0,0.0,0.0,4.7945371841,0.0,0.0,0.0,13.847474399400001,106.13647412899999,5.9179060462,5.601050811,9.9010645789,5.7832449464,0.0,0.0,40.4195111696,91.0833942161,0.0,0.0,0,0.0,0.0,0.0,0.0,0.0,16.4908231522,4.7945371841,40.4195111696,85.4823434051,0.0,0.0,0.0,0,0,0.0,0,0,0,0,0,0,0.0,46.5833333333,0,1,0,0,0,0,0,0,0,0,1,1,0,0,0,0,0,0,0,0,0,0,0,0,0,0,0,0,0,0,0,0,0,0,0,0,5,0,0,0,0,0,0,0,0,0,0,0,0,0,0,1,1,0,0,0,0,0,0,0,0,0,0,0,0,0,0,0,0,0,0,0,0,0,0,0,0,0,0,0,0,0,0,0,0,2,0,1,13,0,0,1,0,1,0,0,0,0,0,0,0,0,0,0,0,0,77,0,0,0,0,0,1,0,1,0,0,0,0,0,0,0,0,0,0,0,0,65,0,0,0,0,0,0,0,0,0,0,0,0,0,0,0,0,0,0,0,0,30,0,0,0,0,0,1
173,173,22,4.0189,3,0,4,24.92,135.77954529299998,310.828,0,0,0,0,0,0,0,0,0,0,0,0,0,0,0,0,0,0,0,0,0,0,0,0,0,0,0,0,0,0,0,0,0,0,0,0,0,0,1.9778513675999998,740.850445001,14.940946820899999,12.5319203708,13.287849316800001,10.8264998405,7.985483940499999,8.3634484135,6.0411549959,6.4775907764,4.68904124,4.9241383428,3.6118081700999998,3.8065083964,-1.64,13.9843666729,5.8640629367,2.4668840166,1,2,5.316788604,0.0,0.0,0.0,0.0,0.0,4.983978521,0.0,0.0,0.0,29.306778557199998,73.662254984,16.7925814154,5.6939279949,0.0,17.1740444203,0.0,10.300767125,0.0,25.683286491700002,13.0895128118,69.5086992277,0,0.0,5.316788604,0.0,0.0,11.6009398902,18.0734913328,12.841643245899999,0.0,35.2259257158,42.101783444,5.0226333137,5.5731045301,0,0,6.233048067,0,0,0,0,0,0,0.0,36.0447297108,0,0,0,0,0,1,0,0,0,0,0,0,0,0,0,1,1,0,0,0,0,0,0,0,0,0,0,0,0,0,2,0,0,0,1,0,2,0,0,0,0,0,0,0,1,0,0,0,0,0,0,0,0,0,0,0,0,0,0,0,0,0,0,0,0,0,0,0,0,1,0,0,0,1,0,0,0,0,0,0,0,0,0,0,0,1,12,1,9,0,1,0,8,1,8,0,1,52,6,59,0,6,0,3,0,0,36,0,5,0,0,0,0,3,0,3,0,0,36,1,42,0,1,0,1,0,0,32,0,3,0,0,0,0,2,0,1,0,0,15,0,16,0,0,0,0,0,0,16,0,0,0,0,0,0
181,181,13,-1.0397,6,0,2,72.68,72.4540434172,180.167,0,0,0,0,0,0,0,0,0,0,0,0,0,0,0,0,0,0,0,0,0,0,0,0,0,0,0,0,0,0,0,0,0,0,0,0,0,0,3.1784609855,574.170559382,9.5854219587,7.235487636599999,7.235487636599999,6.1090609053,3.713500452,3.713500452,2.8459819306,2.8459819306,1.9756153887999999,1.9756153887999999,1.2614350385,1.2614350385,-1.85,7.7813400735,2.3172381706,0.9146218912,1,6,4.5670996478,0.0,11.163877938399999,0.0,5.5592668950999995,5.689743398200001,14.3456153528,9.778515705,0.0,0.0,0.0,0.0,14.0953439654,6.3273200748,0.0,11.163877938399999,0.0,19.1021563375,14.0953439654,0.0,0.0,27.1654047362,0,0.0,11.2490102933,0.0,0.0,0.0,19.1021563375,14.0953439654,0.0,0.0,15.9163944429,0.0,11.163877938399999,0,0,0.0,0,0,0,0,0,0,2.8793055556000002,33.287361111100005,0,0,0,0,0,4,1,0,0,0,0,0,0,0,0,3,1,0,0,0,0,1,0,0,0,0,0,0,0,0,2,0,0,0,0,0,1,0,0,0,0,0,0,0,0,0,0,1,0,0,0,0,0,0,0,0,0,0,0,0,0,0,0,0,0,0,0,0,0,0,0,0,0,0,0,0,0,0,0,0,0,0,0,0,0,3,9,2,0,0,5,3,10,1,0,0,8,28,2,0,0,22,1,0,0,8,0,0,0,0,0,6,3,10,1,0,0,8,26,2,0,0,20,1,0,0,6,0,0,0,0,0,6,1,5,1,0,0,3,14,1,0,0,10,0,0,0,3,0,0,0,0,0,4,0
216,216,26,4.5347,5,6,3,40.54,161.515817733,420.32199999999995,1,1,0,0,0,0,0,0,0,0,0,0,0,0,0,0,0,0,0,0,0,0,0,0,0,0,0,0,0,0,0,0,0,0,0,0,0,0,1.4445792101,737.6113236939999,18.5707033329,14.627154049300001,16.213150588399998,12.4601455423,8.957773295900001,9.7507715655,6.9137411175,7.8294166462,5.1091692868,5.6378347998,3.4386964146,3.7030291711000003,-1.56,19.2085027728,8.4203788626,4.7828635655000005,1,3,10.0064371257,5.8172208411,5.7832449464,0.0,0.0,0.0,4.7945371841,4.3904150476999995,0.0,0.0,28.0626780349,67.7688751772,29.5465054423,5.601050811,14.291479626600001,21.7131888443,0.0,4.8999097309,0.0,31.2843373027,19.634269217699998,69.947779888,0,0.0,0.0,4.3904150476999995,0.0,15.9299438979,35.4239512898,5.601050811,5.8172208411,41.604726659200004,53.0036560635,0.0,0.0,0,0,0.0,0,0,0,0,0,0,13.9168039478,44.4954279246,0,1,0,0,0,0,0,0,0,0,1,1,0,0,0,1,0,0,0,0,1,0,0,0,0,0,0,0,0,0,0,0,0,0,2,0,0,0,0,0,0,0,0,0,2,0,0,0,0,0,0,1,1,0,0,0,0,0,0,0,0,0,0,0,0,0,0,0,0,1,0,0,0,0,0,0,0,0,0,0,0,0,0,0,0,3,12,2,14,0,1,1,6,2,8,0,1,25,5,35,0,4,1,9,0,0,36,0,6,0,0,0,0,3,1,5,0,1,24,1,32,0,1,1,3,0,0,33,0,3,0,0,0,0,0,0,2,0,0,17,0,19,0,0,1,0,0,0,20,0,1,0,0,0,1
234,235,30,2.9708,9,8,2,117.0,174.387015412,418.44599999999997,0,0,1,0,0,0,0,0,0,0,0,0,0,0,0,0,0,0,0,0,0,0,0,0,0,0,0,0,0,0,0,0,0,0,0,0,0,0,2.602707346,902.3708831619999,22.421920773000004,17.6832668063,17.6832668063,14.1668102155,9.4686457176,9.4686457176,7.0702411726,7.0702411726,4.477906014599999,4.477906014599999,3.2594183686,3.2594183686,-3.2,23.082594068600002,10.0174440039,5.2353542732,1,9,19.5273774654,6.6068819645,0.0,0.0,5.687386274700001,11.938610575899999,10.1143182688,9.589074368099999,0.0,0.0,12.1327341369,33.2584002905,30.6366103043,34.6982745074,28.722974278400002,17.6259968506,0.0,5.316788604,0.0,39.7168212327,20.3235614703,62.48352572060001,0,0.0,5.316788604,5.687386274700001,0.0,0.0,43.289449482799995,23.7996632295,10.1143182688,39.1763063366,46.8057559601,0.0,0.0,0,0,0.0,0,0,0,0,0,0,0.0,80.0,0,0,0,0,0,0,0,0,0,0,2,2,0,0,0,1,1,0,0,0,0,0,0,0,0,0,2,0,0,0,0,0,0,0,1,0,0,0,1,0,2,3,0,0,0,0,0,0,0,0,0,0,0,0,0,1,0,0,1,1,1,0,0,0,0,0,0,0,0,0,0,0,0,0,0,0,0,0,0,0,0,0,0,1,0,5,6,1,15,0,0,8,0,0,9,0,0,15,0,43,0,0,0,13,0,0,74,0,0,0,0,0,5,0,0,6,0,0,15,0,34,0,0,0,8,0,0,52,0,0,0,0,0,2,0,0,3,0,0,10,0,18,0,0,0,2,0,0,27,0,0,0,0,0,1
252,253,19,1.1176,5,5,2,42.96,113.99544042299999,266.341,0,0,0,0,0,0,0,0,0,0,0,0,0,0,0,0,0,0,0,0,0,0,0,0,0,0,0,0,0,0,0,0,0,0,0,0,0,0,2.23326686,417.397258135,13.664925939000002,11.8621929112,11.8621929112,9.2955549577,6.507144379400001,6.507144379400001,4.5195911092,4.5195911092,3.3892928288,3.3892928288,2.3978668757,2.3978668757,-1.46,13.959862474100001,6.6326704168,3.1084093148000003,1,5,19.5273774654,0.0,11.499023666600001,5.749511833300001,0.0,0.0,4.8999097309,0.0,0.0,0.0,6.0663670685,6.0663670685,38.2872335213,21.3293926238,14.210588861400002,0.0,0.0,10.2166983349,0.0,6.5447564059,47.5084182475,17.6961856286,0,17.2485354999,19.5273774654,0.0,17.2485354999,0.0,52.4083279783,6.5447564059,0.0,5.5634514916999995,12.1327341369,0.0,0.0,0,0,0.0,0,0,0,0,0,0,0.0,39.1666666667,0,0,0,0,0,0,0,0,0,0,0,0,0,0,0,1,1,0,0,0,0,0,0,0,0,0,0,0,0,0,0,0,0,0,1,0,0,0,0,0,0,3,0,0,0,0,0,0,0,0,0,0,0,0,0,3,0,0,0,0,0,0,0,0,0,0,0,0,0,0,1,0,0,0,0,0,0,0,0,0,0,0,0,0,0,3,6,2,6,0,2,2,0,3,0,0,3,10,9,10,0,9,1,0,0,1,10,0,9,0,0,1,1,0,1,0,0,1,10,6,10,0,6,1,0,0,1,10,0,6,0,0,1,1,0,0,0,0,0,8,3,8,0,3,0,0,0,0,8,0,3,0,0,0,0
262,263,21,0.8768,9,5,2,116.43,121.535296748,310.335,0,0,0,1,0,0,0,0,0,0,0,0,0,0,0,0,0,0,0,0,0,0,0,0,0,0,0,0,0,0,0,0,0,0,0,0,0,0,2.3363061546,709.172688016,15.4578191578,11.399770258499998,12.216266839400001,9.9410201328,5.798146295,7.2813095426,3.9508092432999997,5.6332114847,2.5134693398,3.8575402318000003,1.4847978503,2.4286821141,-2.55,14.850737505,5.8339498889999994,3.5097319268000002,3,8,15.2073933848,0.0,0.0,17.7083159539,10.0232911534,0.0,0.0,13.139891848800001,9.9679570419,0.0,0.0,24.2654682738,5.687386274700001,25.1814456265,17.8915228919,21.659016709099998,0.0,9.9679570419,0.0,4.8954834755,24.6753574242,30.3318353423,0,11.759976672899999,19.929488249200002,11.635725555699999,11.759976672899999,0.0,32.6053491088,10.0232911534,0.0,0.0,35.227318817800004,0.0,0.0,0,0,-3.8217176870999996,0,0,0,0,0,0,24.3971523054,36.1745653817,0,0,0,1,0,2,0,0,0,0,0,0,0,0,0,2,1,1,0,0,0,0,0,0,0,0,0,0,0,2,0,0,0,0,1,0,0,0,0,0,0,2,0,0,0,0,0,0,0,0,0,0,0,0,0,2,0,0,0,0,0,0,0,0,0,0,0,0,0,0,0,0,0,0,0,0,1,0,0,0,0,0,0,0,0,6,12,2,6,0,0,14,16,7,0,0,0,44,11,10,0,0,0,0,0,0,10,0,0,0,0,0,12,12,4,0,0,0,32,9,10,0,0,0,0,0,0,10,0,0,0,0,0,6,6,2,0,0,0,19,2,8,0,0,0,0,0,0,8,0,0,0,0,0,0
271,272,34,5.3513,6,8,5,42.32,199.733460314,458.58099999999996,1,1,0,0,0,0,0,0,0,0,0,0,0,0,0,0,0,0,0,0,0,0,0,0,0,0,0,0,0,0,0,0,0,0,0,0,0,0,1.2100656035,1211.63366299,23.329851878000003,19.5831545177,19.5831545177,16.674167731,11.993056103299999,11.993056103299999,8.9950625043,8.9950625043,6.7050569408000005,6.7050569408000005,4.6810306566,4.6810306566,-3.38,22.4140929014,10.263474414600001,5.228571731600001,1,5,19.520660936400002,11.5667326743,0.0,5.948339281,0.0,0.0,0.0,9.3743935686,0.0,0.0,36.398202410799996,66.7875702629,25.6761100469,24.6879553824,9.1272780015,16.981740716199997,0.0,14.450987899600001,0.0,31.8490621038,32.060855363,89.740528646,0,5.749511833300001,10.0536515578,10.3387543287,5.749511833300001,0.0,47.2368954878,12.965578028800001,5.8172208411,23.9685462292,72.79640482149999,0.0,11.0334014352,0,0,0.0,0,0,0,0,0,0,15.5870037665,54.9129962335,0,0,0,0,0,2,0,0,0,0,0,0,0,0,0,3,1,0,0,0,1,0,0,0,0,0,0,0,0,1,0,0,0,0,3,0,1,0,0,0,0,1,0,0,1,0,0,1,0,0,0,0,0,0,0,1,0,0,0,0,0,0,0,0,2,0,0,0,0,1,0,0,0,0,0,0,0,0,0,0,0,0,0,0,0,3,21,2,19,0,6,1,11,2,12,0,2,94,13,92,0,11,0,12,0,0,64,0,2,0,0,10,1,8,2,8,0,2,75,9,72,0,7,0,5,0,0,51,0,0,0,0,7,0,3,0,3,0,1,42,5,39,0,6,0,1,0,0,29,0,0,0,0,6,1
272,273,26,3.5178,7,5,3,110.65,147.205000814,353.33,0,0,1,0,0,0,0,0,0,0,0,0,0,0,0,0,0,0,0,0,0,0,0,0,0,0,0,0,0,0,0,0,0,0,0,0,0,0,2.1993487239,1051.80756218,18.8445705038,13.8389278472,13.8389278472,12.3799178531,7.8667279726,7.8667279726,5.9553280153,5.9553280153,4.1661881276,4.1661881276,2.9575568817,2.9575568817,-3.48,17.346505113499997,6.794154869,3.1884213686000002,1,7,9.523678331900001,17.1157769213,0.0,0.0,5.687386274700001,5.6255863191,14.9088554528,4.7945371841,0.0,0.0,24.2654682738,24.6199228283,24.471461806,15.872986755,19.2415265648,22.4398755772,0.0,0.0,0.0,19.262464868800002,0.0,80.192281303,0,5.749511833300001,5.6255863191,5.687386274700001,5.749511833300001,0.0,15.81308339,4.7945371841,10.1143182688,30.3893678522,57.7426246688,0.0,10.969244356099999,0,0,0.0,0,0,0,0,0,0,5.2845169595999995,68.3821497071,0,0,0,0,0,0,0,1,0,0,1,1,0,0,0,1,0,0,0,0,0,0,0,0,0,0,0,0,0,0,0,0,0,0,2,0,1,0,0,0,0,0,0,0,0,0,0,0,0,0,0,1,1,0,0,0,0,0,1,1,1,0,0,0,1,0,0,0,0,0,0,0,0,0,0,0,0,0,0,0,0,0,0,0,0,3,16,1,18,0,0,3,14,1,17,0,0,83,9,104,0,0,0,8,0,0,93,0,0,0,0,0,3,8,1,11,0,0,60,9,70,0,0,0,5,0,0,64,0,0,0,0,0,1,4,1,4,0,0,31,4,33,0,0,0,2,0,0,32,0,0,0,0,0,1
273,274,16,1.185,5,4,1,75.27,94.9671316856,226.27599999999998,0,0,0,0,0,0,0,0,0,0,0,0,0,0,0,0,0,0,0,0,0,0,0,0,0,0,0,0,0,0,0,0,0,0,0,0,0,0,3.0460336908,305.19136469299997,12.3449349827,9.9234154841,9.9234154841,7.484434885800001,5.6544130829,5.6544130829,4.252001201600001,4.252001201600001,3.3851155426,3.3851155426,2.3602226606,2.3602226606,-1.39,12.6784462697,4.6342425943,1.8140650944,2,5,0.0,5.4149904694,0.0,11.814359458699998,0.0,6.0311145123,20.2226515762,4.7945371841,0.0,0.0,27.192033222,18.759549292,0.0,0.0,14.3836115522,17.845473971,0.0,10.633577208,11.3328965156,40.0336764678,0.0,0.0,0,0.0,10.633577208,4.7945371841,0.0,0.0,17.845473971,9.589074368099999,11.3328965156,40.0336764678,0.0,0.0,0.0,0,0,0.0,0,0,0,0,0,0,0.0,44.0833333333,0,0,0,0,0,0,0,0,0,0,3,3,0,0,0,0,2,0,0,0,0,0,0,0,0,0,0,4,0,0,0,0,0,1,0,0,0,0,0,0,0,0,0,0,0,0,0,0,2,0,0,0,0,0,0,0,0,0,0,0,0,0,0,0,0,0,0,0,0,0,0,0,0,0,0,0,0,0,0,0,0,0,0,0,1,3,0,2,5,0,0,3,0,3,12,0,0,0,0,0,0,0,1,8,0,0,6,0,0,0,0,0,3,0,3,9,0,0,0,0,0,0,0,1,5,0,0,6,0,0,0,0,0,3,0,2,1,0,0,0,0,0,0,0,0,0,0,0,1,0,0,0,0,0,0
284,285,22,3.4292,5,0,4,36.86,133.92337538700002,313.788,0,0,0,0,0,0,0,0,0,0,0,0,0,0,0,0,0,0,0,0,0,0,0,0,0,0,0,0,0,0,0,0,0,0,0,0,0,0,1.8840897775,738.4339512239999,14.940946820899999,12.050518963499998,12.806447909600001,10.809663088099999,7.4229973742999995,7.8009618474,5.3827264847,5.8191622652,3.9105674388,4.1456645414999995,2.812257484,2.984360508,-2.04,13.6111066056,5.6295877321,2.4456707426,1,4,14.9535612887,17.272517893699998,5.749511833300001,0.0,0.0,0.0,0.0,4.9924047326,0.0,0.0,23.7336740272,30.3318353423,31.201658937399998,5.5634514916999995,4.7368629538,23.1239459507,0.0,10.2166983349,4.9924047326,0.0,26.1790256237,53.0506542847,0,11.499023666600001,10.0536515578,5.687386274700001,11.499023666600001,11.6009398902,36.9145551403,0.0,0.0,5.5634514916999995,47.4569742119,5.0226333137,0.0,0,0,6.2040523956,0,0,0,0,0,0,0.0,38.9070587155,0,0,0,0,0,0,0,0,0,0,0,0,0,0,1,2,1,0,0,0,0,0,0,0,0,0,0,0,1,0,0,0,0,0,2,0,2,0,0,0,0,1,0,0,1,0,0,0,0,0,0,0,0,0,0,0,0,0,0,0,0,0,0,0,2,0,0,0,0,0,1,0,0,0,0,0,0,0,0,0,0,0,0,0,0,1,12,2,12,0,1,0,4,2,4,0,1,52,18,52,0,7,1,0,0,1,52,0,7,0,0,0,0,4,1,4,0,0,41,10,41,0,2,0,0,0,0,41,0,2,0,0,0,0,3,1,3,0,0,20,4,20,0,0,0,0,0,0,20,0,0,0,0,0,1
286,287,24,0.7639,8,3,3,77.81,137.413929665,334.351,1,1,0,0,0,0,0,0,0,0,0,0,0,0,0,0,0,0,0,0,0,0,0,0,0,0,0,1,0,0,0,0,0,0,0,0,0,0,2.1831590312999998,856.5018374860001,17.4303569414,13.5437933683,13.5437933683,11.4179226556,7.6553569403,7.6553569403,5.881753182000001,5.881753182000001,4.3874078802,4.3874078802,2.9613660529000003,2.9613660529000003,-2.61,16.2549183565,6.120849746699999,2.6882101419,2,7,20.3321382537,11.3806723327,0.0,5.428790391900001,0.0,5.969305287999999,9.470639625,9.184952231799999,0.0,0.0,0.0,19.1804061196,39.4235411779,16.5903112068,14.291479626600001,22.5596164947,0.0,9.576012171799999,0.0,0.0,50.600070717,39.9335776173,0,0.0,15.7544915199,10.077801322400001,0.0,0.0,60.9262144435,0.0,5.8172208411,10.3579886758,23.1241148926,0.0,10.902924932100001,0,0,0.0,0,0,0,0,0,0,16.0082147581,48.158451908500005,0,0,0,0,1,1,0,0,1,1,1,0,0,0,0,3,1,0,0,1,0,0,0,0,0,0,0,0,0,1,0,0,0,0,1,0,1,0,0,0,0,0,0,0,1,0,0,0,0,0,0,0,0,0,0,0,0,0,0,0,0,0,0,0,0,0,0,0,0,0,1,0,0,1,0,0,0,0,0,0,0,0,0,0,0,4,10,3,7,3,1,3,3,3,1,4,0,36,22,16,25,5,2,0,3,0,15,18,5,3,0,0,3,3,3,1,3,0,32,14,15,15,2,1,0,3,0,15,9,2,1,0,0,2,3,1,1,2,0,15,6,9,3,0,0,0,1,0,9,0,0,1,0,0,0
287,288,24,3.1732,4,4,5,45.59,142.313426203,324.42400000000004,0,0,0,0,0,0,0,0,0,0,0,0,0,0,0,0,0,0,0,0,0,0,0,0,0,0,0,0,0,0,0,0,0,0,0,0,0,0,1.6870853618000001,760.387301043,16.681433796900002,14.0589256748,14.0589256748,11.7070398981,8.6829903613,8.6829903613,6.9743936588999995,6.9743936588999995,5.819484376599999,5.819484376599999,4.4443060343,4.4443060343,-1.91,15.6080106499,6.1876079187,2.5024063340000002,1,4,9.8433903486,5.749511833300001,0.0,0.0,0.0,0.0,9.8838882518,0.0,0.0,6.5789356836,6.0760201068,61.0511315096,24.169665021100002,18.7304646466,9.8433903486,10.902924932100001,0.0,9.8838882518,11.8358120923,24.9874504627,20.1993103531,48.6807191276,0,5.749511833300001,4.7368629538,0.0,5.749511833300001,0.0,41.2315668289,0.0,11.8358120923,24.5090611253,43.1172676359,0.0,10.902924932100001,0,0,0.0,0,0,0,0,0,0,0.0,49.5,0,1,1,0,0,1,0,0,0,0,0,0,0,0,0,2,0,0,0,0,0,0,0,0,0,0,0,0,0,0,0,0,0,0,1,0,4,0,0,0,0,1,0,0,0,0,0,0,0,0,0,0,0,0,0,1,0,0,0,0,0,0,0,0,0,0,0,0,0,3,0,0,0,1,0,0,0,0,0,0,0,0,0,0,0,3,10,2,10,0,1,2,6,2,9,0,1,45,16,59,0,7,0,2,0,0,36,0,5,0,0,0,2,5,1,5,0,0,42,6,43,0,2,0,2,0,0,27,0,2,0,0,0,0,2,0,2,0,0,23,1,19,0,0,0,1,0,0,14,0,0,0,0,0,1
305,306,19,3.00254,3,1,3,34.89,110.710835635,250.301,0,0,0,0,0,0,0,0,0,0,0,0,0,0,0,0,0,0,0,0,0,0,0,0,0,0,0,0,0,0,0,0,0,0,0,0,0,0,2.4281054236,818.337035761,13.405412915,10.921477635,10.921477635,9.1815405504,6.2268586724,6.2268586724,4.6032154396,4.6032154396,3.2997674716,3.2997674716,2.3417387544,2.3417387544,-2.42,11.658106370399999,4.354055670899999,1.8340679152000001,0,3,0.0,5.824404498,0.0,0.0,5.5592668950999995,0.0,9.3616368319,4.983978521,0.0,0.0,30.3318353423,37.6100270965,0.0,16.5903112068,0.0,10.902924932100001,0.0,9.5510781687,0.0,13.847474399400001,0.0,70.2725966165,0,5.687386274700001,5.5592668950999995,0.0,0.0,0.0,9.5510781687,0.0,13.847474399400001,11.3878559897,53.3254737318,0.0,16.5903112068,0,0,0.0,0,0,0,0,0,0,1.6782407407,40.321759259299995,0,0,0,0,0,2,0,0,0,0,0,0,0,0,0,2,0,0,0,0,0,0,0,0,0,0,0,0,0,0,2,0,0,0,2,0,1,0,0,0,0,0,0,0,0,0,0,0,0,0,0,0,0,0,0,0,0,0,0,0,0,0,0,0,2,0,0,0,0,0,0,0,0,0,0,0,0,0,0,0,0,0,0,0,0,2,16,0,12,0,0,1,14,0,11,0,0,93,0,67,0,0,0,0,0,0,44,0,0,0,0,0,1,10,0,7,0,0,69,0,45,0,0,0,0,0,0,29,0,0,0,0,0,1,4,0,2,0,0,33,0,21,0,0,0,0,0,0,17,0,0,0,0,0,1
306,307,22,-0.0808,8,3,3,100.35,125.95772053399999,303.322,0,0,0,0,0,0,0,0,0,0,0,0,0,0,0,0,0,0,0,0,0,0,0,0,0,0,0,0,0,0,0,0,0,0,0,0,0,0,2.1686429326,779.8773504110001,15.6898699654,12.2427990027,12.2427990027,10.6133922029,7.2065339861,7.2065339861,5.1073989491,5.1073989491,3.7730967204000003,3.7730967204000003,2.5742270414,2.5742270414,-2.48,14.456968809200001,5.7218539514,2.4123697638999997,2,8,19.8903253775,11.2106287125,0.0,11.377129672899999,0.0,5.969305287999999,4.7945371841,9.778515705,4.983978521,0.0,0.0,6.923737199700001,45.1174691728,5.3862242145,9.9010645789,22.951046004200002,0.0,19.8518452937,0.0,13.468493605599999,31.078935354499997,28.1804662109,0,0.0,15.6454887268,5.948339281,0.0,0.0,51.789914996099995,6.5447564059,0.0,17.2817258755,17.1882243273,0.0,11.0334014352,0,0,0.0,0,0,0,0,0,0,1.6741697373,54.3258302627,0,0,0,0,1,3,0,0,1,1,1,0,0,0,0,4,1,0,0,0,0,0,0,0,0,0,0,0,0,1,1,0,0,0,0,0,1,0,0,0,0,0,0,0,0,0,0,0,0,0,0,0,0,0,0,0,0,0,0,0,0,0,0,0,0,0,0,0,0,0,1,0,0,1,0,0,0,0,0,0,0,0,0,0,0,5,10,2,2,3,1,6,8,4,2,7,1,34,13,6,24,5,0,0,0,0,1,6,1,3,0,0,5,8,2,2,4,0,31,6,6,15,2,0,0,0,0,1,4,0,1,0,0,3,4,1,1,2,0,13,1,2,3,0,0,0,0,0,0,0,0,1,0,0,0
319,320,23,4.8697,1,1,4,20.23,140.793963896,310.481,0,0,0,0,0,0,0,0,0,0,0,0,0,0,0,0,0,0,0,0,0,0,0,0,0,0,0,0,0,0,0,0,0,0,0,0,0,0,1.7448074795,593.5842225590001,16.2422762082,14.4823830225,14.4823830225,11.060608938,9.6284027573,9.6284027573,8.5392464729,8.5392464729,8.0141652148,8.0141652148,7.025729553,7.025729553,-1.0,15.5232,5.25,1.9100529101,1,1,5.1065273948000005,5.601050811,0.0,0.0,0.0,0.0,0.0,0.0,0.0,6.4233498955999995,36.6453363691,81.459018791,5.4149904694,0.0,5.1065273948000005,0.0,0.0,0.0,29.086614654,70.312182617,0.0,23.8011648506,0,12.343784214500001,0.0,0.0,0.0,0.0,10.7075782058,0.0,41.4303988685,64.711131806,23.8011648506,0.0,0.0,0,0,0.0,0,0,0,0,0,0,0.0,44.1666666667,0,1,0,0,0,0,0,0,0,0,0,0,0,0,0,0,0,0,0,0,0,0,0,0,0,0,3,0,0,0,0,0,0,0,0,0,5,0,0,0,0,0,0,0,0,0,0,0,0,0,0,0,0,0,0,0,0,0,0,0,0,0,0,0,0,0,0,0,0,0,0,0,0,0,0,0,0,0,1,0,0,0,0,0,0,1,0,1,12,0,0,0,0,0,2,0,0,0,0,0,0,0,0,2,0,0,63,0,0,0,0,0,0,0,0,1,0,0,0,0,0,0,0,0,1,0,0,46,0,0,0,0,0,0,0,0,0,0,0,0,0,0,0,0,0,0,0,0,21,0,0,0,0,0,0
322,323,32,5.4065,3,2,5,40.54,192.137355986,429.60400000000004,0,0,0,0,0,0,0,0,0,0,0,0,0,0,0,0,0,0,0,0,0,0,0,0,0,0,0,0,0,0,0,0,0,0,0,0,0,0,1.6691166225999998,1066.61434691,22.6729976285,19.8712251033,19.8712251033,15.270805714000002,12.175028102,12.175028102,10.7555308449,10.7555308449,9.0301000389,9.0301000389,7.3810182086000005,7.3810182086000005,-2.31,21.5312514148,7.631144053099999,3.1060786588,1,3,10.0064371257,5.601050811,5.7832449464,0.0,0.0,0.0,4.7945371841,0.0,0.0,5.9204343189,30.550010185500003,92.20289382520001,37.5364483785,0.0,9.9010645789,11.470631221,0.0,0.0,17.250802561700002,70.312182617,18.9952536962,52.6242534626,0,11.8408686377,4.8999097309,5.687386274700001,0.0,0.0,30.5861671175,4.7945371841,29.0916711994,70.2745832977,47.0608019709,0.0,0.0,0,0,0.0,0,0,0,0,0,0,0.0,65.0,0,1,0,0,0,0,0,0,0,0,1,1,0,0,0,1,0,0,0,0,0,0,0,0,0,0,4,0,0,1,0,0,0,0,1,0,4,0,0,0,0,0,0,0,0,0,0,0,0,0,0,1,0,0,0,0,0,0,0,0,0,0,0,0,0,0,0,0,0,0,0,0,0,0,0,0,0,0,0,0,0,0,0,0,0,2,6,1,16,0,0,0,6,0,15,0,0,14,0,14,0,0,0,7,0,0,103,0,0,0,0,0,0,2,0,8,0,0,11,0,11,0,0,0,4,0,0,70,0,0,0,0,0,0,1,0,5,0,0,8,0,8,0,0,0,3,0,0,32,0,0,0,0,0,1
326,327,22,3.2015,7,9,1,56.84,127.628830499,318.339,3,1,0,0,0,0,0,0,0,0,0,0,0,0,0,0,0,0,0,0,0,0,0,0,0,0,0,0,0,0,0,0,0,0,0,0,0,0,2.7832054113,458.850518304,16.424438963,12.5269956285,12.5269956285,10.4857117731,7.0418951389,7.0418951389,4.684895194,4.684895194,2.9413736261000003,2.9413736261000003,1.8093940858000002,1.8093940858000002,-1.6,18.4490196078,9.4238751148,6.444981257799999,2,4,15.3081190147,6.6068819645,0.0,0.0,0.0,6.1762985174,0.0,0.0,13.171245143,0.0,17.2884468637,36.9586504974,20.2614359117,11.2751364945,22.7456966806,5.7116850027999995,0.0,0.0,10.889380203900002,25.438763386199998,26.8683178762,35.3923712572,0,0.0,5.7336674772,13.171245143,0.0,0.0,32.580002879,15.750750055,0.0,30.3893678522,29.4211810006,0.0,0.0,0,0,0.0,0,0,0,0,0,0,37.721520157,25.528479843000003,0,0,0,0,0,0,0,0,0,0,0,0,0,0,0,1,0,1,0,0,0,0,0,0,0,3,0,0,0,0,0,0,0,0,1,0,0,0,0,0,0,1,0,0,3,0,0,0,0,0,0,0,0,0,0,1,0,0,0,0,0,0,0,1,0,0,0,0,0,0,0,0,0,0,0,0,0,0,0,0,0,0,0,3,0,2,6,1,9,0,1,1,0,1,3,0,1,10,3,21,0,3,0,3,0,0,23,0,3,0,0,0,0,0,1,3,0,1,10,0,17,0,0,0,1,0,0,18,0,0,0,0,0,0,0,0,1,0,0,8,0,9,0,0,0,1,0,0,10,0,0,0,0,0,0
340,341,20,3.1538,4,1,3,32.67,122.06237911299999,284.746,0,0,0,0,0,0,0,0,0,0,0,0,0,0,0,0,0,0,0,0,0,0,0,0,0,0,0,0,0,0,0,0,0,0,0,0,0,0,2.2299634444,694.8779897539999,14.1125196962,11.006548889200001,11.7624778352,9.6647037979,6.3296390013,6.707603474299999,4.6450865082999995,5.0815222888,3.3688335423,3.6039306450999997,2.3054972364,2.4776002604,-2.13,12.881278899200002,5.0977128496,2.2075288725,0,3,4.8999097309,6.5447564059,0.0,5.9071797294,0.0,0.0,9.7869419167,0.0,0.0,0.0,41.9327752325,18.199101205399998,23.1972082798,11.3990712775,4.7945371841,28.907190897,0.0,0.0,4.9924047326,0.0,18.4923381194,64.6804728448,0,0.0,4.8999097309,5.687386274700001,0.0,11.6009398902,25.211293120700002,4.7945371841,0.0,11.126902983399999,53.523341280299995,5.0226333137,0.0,0,0,6.1083659472,0,0,0,0,0,0,0.0,39.5027451639,0,0,0,0,0,0,0,0,0,0,1,1,0,0,1,2,0,0,0,1,0,0,0,0,0,0,0,1,0,1,0,0,0,0,2,1,1,0,0,0,0,0,0,0,1,0,0,0,0,0,0,0,0,0,0,0,0,0,0,0,0,0,0,0,0,0,0,0,0,0,0,0,0,0,0,0,0,0,0,0,0,0,0,0,0,1,12,0,12,0,0,0,5,0,5,0,0,45,0,45,0,0,0,0,0,0,45,0,0,0,0,0,0,2,0,2,0,0,29,0,29,0,0,0,0,0,0,29,0,0,0,0,0,0,1,0,1,0,0,16,0,16,0,0,0,0,0,0,16,0,0,0,0,0,1
371,372,22,3.4392199999999997,5,0,4,30.87,134.63664509999998,312.442,0,0,0,0,0,0,0,0,0,0,0,0,0,0,0,0,0,0,0,0,0,0,0,0,0,0,0,0,0,0,0,0,0,0,0,0,0,0,1.8094067663999998,726.010210365,15.1040835278,12.9650675477,13.7815641286,10.7035099382,7.6958938817,8.512390462599999,5.9677326694,7.2240556559,4.2775930836,5.2435189099,3.0059599122000003,3.92586878,-1.85,13.788296582100001,5.4092944314,2.4012727032,1,4,15.1166080657,10.8367017624,0.0,0.0,0.0,0.0,0.0,4.9924047326,0.0,11.336785877899999,12.1327341369,32.1705103878,31.056172817399997,16.9382240411,0.0,33.548260189699995,0.0,9.7998194617,4.9924047326,6.923737199700001,38.5434862103,40.7724340277,0,0.0,5.316788604,16.3758545261,0.0,11.336785877899999,48.8621368538,0.0,6.923737199700001,10.4405986854,35.3242400749,0.0,0.0,0,0,1.8063756351,0,0,0,0,0,0,0.0,39.5269576982,0,0,0,0,0,0,0,0,0,0,0,0,0,0,1,3,1,0,0,1,0,0,0,0,0,0,0,0,1,2,1,0,0,0,1,0,2,0,0,0,0,0,0,0,0,0,0,0,0,0,0,0,0,0,0,0,0,0,0,0,0,0,0,0,2,0,0,0,0,0,1,0,0,0,0,0,0,0,0,0,0,0,1,0,0,0,11,3,11,0,1,0,0,0,0,0,0,35,17,35,0,5,2,10,0,1,35,0,5,0,0,0,0,0,0,0,0,0,28,12,28,0,0,2,5,0,1,28,0,0,0,0,0,0,0,0,0,0,0,15,7,15,0,0,0,2,0,0,15,0,0,0,0,0,0
381,382,28,2.165,6,2,4,94.83,170.009516435,408.92199999999997,0,0,0,0,0,0,0,0,0,0,0,0,0,0,0,1,0,0,0,0,0,0,0,0,0,0,0,0,0,0,0,0,0,0,0,0,0,0,1.8376918795,804.7488254880001,20.698306133800003,16.6130876307,17.3690165767,12.963233394200001,10.1423353267,10.5202997997,9.749150874,10.374568890900001,8.791253205,9.7160203697,7.26103317,7.7837388115,-1.01,20.2704090193,6.0048084317,2.0882150568999998,3,5,15.3195821845,12.2079327755,11.5664898927,0.0,0.0,0.0,9.589074368099999,0.0,0.0,11.6009398902,32.420336236,55.589044843900005,10.8299809388,10.9781386792,24.9086565527,23.167429783000003,0.0,0.0,28.5836990773,63.0336875809,6.6068819645,23.8011648506,0,0.0,0.0,0.0,0.0,11.6009398902,50.0721435319,9.589074368099999,28.5836990773,46.4544980908,23.8011648506,0.0,0.0,0,0,7.3033913787,0,0,0,0,0,0,0.0,63.6410530658,0,3,2,0,0,0,0,0,0,0,2,2,0,0,0,0,0,0,0,0,0,0,0,0,0,1,4,0,0,0,0,0,0,0,0,0,5,0,0,0,0,0,0,0,1,0,0,0,0,0,0,2,1,0,0,0,0,0,0,0,0,0,0,0,0,0,0,0,0,0,0,0,0,0,0,0,0,0,0,0,0,0,0,0,0,5,0,3,9,0,0,6,0,6,7,0,0,0,0,0,0,0,3,0,0,0,36,0,0,0,0,0,5,0,5,5,0,0,0,0,0,0,0,2,0,0,0,30,0,0,0,0,0,3,0,3,2,0,0,0,0,0,0,0,1,0,0,0,12,0,0,0,0,0,0
383,384,17,0.7004,5,2,2,75.27,98.1995153197,232.239,0,0,0,0,0,0,0,0,0,0,0,0,0,0,0,0,0,0,0,0,0,0,0,0,0,0,0,0,0,0,0,0,0,0,0,0,0,0,2.5359730531999998,461.783925345,12.4662553263,9.3186029985,9.3186029985,8.1082261259,5.33371621,5.33371621,3.8622813160000002,3.8622813160000002,3.0262809871,3.0262809871,2.0640792113,2.0640792113,-2.17,11.3194071525,4.0089201698000005,1.5954555917,2,5,0.0,0.0,5.4149904694,11.814359458699998,0.0,6.0311145123,20.2226515762,4.7945371841,0.0,0.0,37.255572541999996,11.9842731146,0.0,0.0,14.3836115522,17.845473971,0.0,10.633577208,0.0,18.759549292,0.0,35.895286834000004,0,0.0,10.633577208,4.7945371841,0.0,0.0,17.845473971,15.0040648375,0.0,18.9080103143,30.3318353423,0.0,0.0,0,0,0.0,0,0,0,0,0,0,0.0,47.4166666667,0,0,0,0,0,0,0,0,0,0,3,3,0,0,0,0,2,0,0,0,0,0,0,0,0,0,0,4,0,0,0,0,0,1,1,0,0,0,0,0,0,0,0,0,0,0,0,0,2,0,0,0,0,0,0,0,0,0,0,0,0,0,0,0,0,0,0,0,0,0,0,0,0,0,0,0,0,0,0,0,0,0,0,0,1,3,6,2,8,0,0,3,17,3,17,0,0,15,0,15,0,0,1,9,0,0,21,0,0,0,0,0,3,12,3,12,0,0,12,0,12,0,0,1,4,0,0,17,0,0,0,0,0,3,3,2,3,0,0,8,0,8,0,0,0,0,0,0,9,0,0,0,0,0,0
392,393,45,4.953,10,10,5,114.25,262.631379011,610.711,0,0,1,0,0,0,0,0,0,0,0,0,0,0,0,0,0,0,0,0,0,0,0,0,0,0,0,0,0,0,0,0,0,0,0,0,0,0,1.2572042478,1557.07798594,31.923710005100002,25.771375523400003,25.771375523400003,21.7780960009,15.027622978299998,15.027622978299998,11.216473331300001,11.216473331300001,8.443269725599999,8.443269725599999,6.2714525522,6.2714525522,-4.8,31.619401732199997,14.3211744913,7.1340964565,1,10,14.790514511600001,6.6068819645,0.0,0.0,5.687386274700001,11.938610575899999,19.9141377305,9.589074368099999,0.0,0.0,72.79640482149999,30.537828874499997,56.250594792600005,35.139064525500004,23.9861113246,17.6259968506,0.0,15.1166080657,0.0,25.807221274699998,46.4404615354,134.27409938899999,0,0.0,5.316788604,5.687386274700001,0.0,0.0,73.1022026218,19.0628002757,10.1143182688,42.4975757498,107.469426645,0.0,0.0,0,0,0.0,0,0,0,0,0,0,0.0,105.8333333333,0,0,0,0,0,0,0,0,0,0,2,2,0,0,0,3,1,0,0,0,0,0,0,0,0,0,2,0,0,0,0,0,0,0,3,0,0,0,1,0,2,2,0,0,0,0,0,0,0,0,0,0,0,0,0,1,0,0,1,1,1,0,0,0,0,0,0,0,0,0,1,0,0,0,0,0,0,0,0,0,0,0,0,0,0,4,18,3,24,0,2,6,0,3,0,0,3,76,2,94,0,2,1,25,0,1,115,0,4,0,0,1,3,0,2,0,0,2,61,0,77,0,0,1,12,0,1,91,0,1,0,0,1,2,0,0,0,0,0,36,0,44,0,0,0,3,0,0,50,0,0,0,0,0,1
411,412,31,2.7168,6,4,5,93.06,183.228102105,430.541,0,0,0,0,0,0,0,0,0,0,0,0,0,0,0,0,0,0,0,0,0,0,0,0,0,0,0,0,0,0,0,0,0,0,0,0,0,0,1.5536140768,862.073528246,22.181433796900002,18.6733202439,18.6733202439,14.7075279907,11.806973553399999,11.806973553399999,10.7251675066,10.7251675066,9.3713497741,9.3713497741,8.1229122015,8.1229122015,-1.34,21.5028138644,7.0777323204,2.6509012113,2,6,19.6867806973,6.6068819645,23.457567433,0.0,0.0,0.0,9.589074368099999,0.0,0.0,0.0,38.8411578589,56.0919604206,16.747886985,12.2079327755,29.2758550654,11.5664898927,0.0,0.0,28.5836990773,83.3951516524,6.6068819645,23.8011648506,0,0.0,0.0,0.0,0.0,0.0,52.48543696270001,19.0628002757,28.5836990773,59.2961413366,23.8011648506,0.0,0.0,0,0,0.0,0,0,0,0,0,0,0.0,72.25,0,2,2,0,0,0,0,0,0,0,2,2,0,0,0,0,0,0,0,0,0,0,0,0,0,0,4,0,0,0,0,0,0,0,0,0,7,0,0,0,0,2,0,0,0,0,0,0,0,0,0,2,1,0,0,0,0,0,0,0,0,0,0,0,0,0,0,0,0,0,0,0,0,0,0,0,0,0,0,0,0,0,0,0,0,6,0,2,10,0,0,10,0,5,8,0,0,0,0,0,0,0,1,2,0,0,39,0,0,0,0,0,8,0,4,5,0,0,0,0,0,0,0,1,1,0,0,31,0,0,0,0,0,3,0,1,2,0,0,0,0,0,0,0,0,0,0,0,11,0,0,0,0,0,1
424,425,19,2.5775,3,6,2,41.49,113.760361503,259.349,0,0,0,0,0,0,0,0,0,0,0,0,0,0,0,0,0,0,0,0,0,0,0,0,0,0,0,0,0,0,0,0,0,0,0,0,0,0,1.9779417822999998,519.642789442,13.664925939000002,11.465827870999998,11.465827870999998,9.1647037979,6.6857910191,6.6857910191,5.0050612109,5.0050612109,2.9425786417000004,2.9425786417000004,1.9381932676,1.9381932676,-1.58,13.8425214296,6.5471242205,3.9447395719,2,3,15.160178952599999,18.4603601855,0.0,0.0,0.0,0.0,0.0,0.0,0.0,0.0,50.2456768102,11.4525912829,17.9728214495,0.0,9.8433903486,10.7724484289,0.0,5.316788604,0.0,25.993281616300003,13.151638370399999,42.4645694792,0,5.749511833300001,10.0536515578,0.0,5.749511833300001,0.0,30.4039729822,0.0,0.0,13.847474399400001,42.4645694792,0.0,10.7724484289,0,0,0.0,0,0,0,0,0,0,0.0,40.6666666667,0,1,1,0,0,0,0,0,0,0,0,0,0,0,0,0,1,0,0,0,0,0,0,0,0,0,0,0,0,0,0,0,0,0,2,0,1,0,0,0,0,1,0,0,0,0,0,0,0,0,0,0,0,0,0,0,0,0,0,0,0,0,0,0,0,0,0,0,0,0,0,0,0,0,0,0,0,0,0,0,0,0,0,0,0,2,10,2,13,0,1,1,0,3,3,0,2,36,13,40,0,5,1,6,0,1,43,0,5,0,0,0,0,0,1,3,0,1,34,4,34,0,1,1,6,0,1,37,0,1,0,0,0,0,0,1,1,0,1,20,0,20,0,0,1,3,0,1,23,0,0,0,0,0,1
425,426,26,4.6578,3,10,2,29.54,157.537761584,353.506,0,0,0,0,0,0,0,0,0,0,0,0,0,0,0,0,0,0,0,0,0,0,0,0,0,0,0,0,0,0,0,0,0,0,0,0,0,0,2.3474142258,610.922740219,18.8302163569,16.2798535554,16.2798535554,12.6842357308,9.6918476623,9.6918476623,6.5501828076,6.5501828076,5.0417368802,5.0417368802,3.5439225111000003,3.5439225111000003,-2.13,20.1852056152,10.1242840771,4.5272679665,0,3,9.6367726847,12.0218724339,0.0,0.0,0.0,5.969305287999999,4.7945371841,0.0,0.0,0.0,87.8557039066,30.6372374181,6.5447564059,0.0,9.5314001379,5.969305287999999,0.0,4.8999097309,0.0,39.027845314299995,26.2411511823,71.79057366800001,0,0.0,0.0,0.0,0.0,0.0,37.1103662011,14.9463906073,0.0,44.7397578283,60.6636706846,0.0,0.0,0,0,0.0,0,0,0,0,0,0,0.0,53.75,0,0,0,0,0,0,0,0,0,0,1,1,0,0,0,1,0,0,0,1,0,0,0,0,0,0,0,0,0,0,0,0,0,0,2,0,0,0,0,0,1,1,0,0,0,0,0,0,0,0,0,0,0,0,0,0,0,0,0,0,0,0,0,0,0,0,0,0,0,0,0,0,0,0,0,0,0,0,0,0,0,0,0,0,0,2,12,1,15,0,1,1,9,2,9,0,2,40,3,52,0,3,0,2,0,0,73,0,6,0,0,0,1,4,2,4,0,2,29,1,40,0,1,0,1,0,0,56,0,1,0,0,0,1,0,0,0,0,0,16,0,23,0,0,0,0,0,0,29,0,0,0,0,0,0
437,438,18,2.77622,4,5,1,41.49,114.111847427,271.788,0,0,0,0,0,0,0,0,0,0,0,0,0,0,0,0,0,0,0,0,0,0,0,0,0,0,0,0,0,0,0,0,0,0,0,0,0,0,2.423529882,387.870648279,13.7591485451,11.4570409981,12.212969944100001,8.2766755647,6.098064249299999,6.476028722300001,5.529604817999999,5.9368049448,2.3859459134,2.6981946912,1.3900881433,1.5621911673,-0.77,15.288038305299999,6.4122655324,5.7149348511,2,3,15.160178952599999,18.4603601855,0.0,0.0,0.0,0.0,0.0,0.0,0.0,0.0,17.6673069587,45.3911344274,12.0836816583,5.0226333137,9.8433903486,11.6009398902,0.0,5.316788604,0.0,39.337840438899995,13.151638370399999,28.7851860108,0,5.749511833300001,10.0536515578,0.0,5.749511833300001,11.6009398902,29.9010574054,0.0,6.923737199700001,26.3346630908,18.199101205399998,5.0226333137,0.0,0,0,6.0070716192999996,0,0,0,0,0,0,0.0,34.6873728252,0,1,1,0,0,0,0,0,0,0,0,0,0,1,0,0,1,0,0,0,0,0,0,0,0,0,0,0,0,0,1,0,0,0,1,0,0,0,0,0,0,1,0,0,1,0,0,0,0,0,0,0,0,0,0,0,0,0,0,0,0,0,0,0,0,0,0,0,0,0,0,0,0,0,0,0,0,0,0,0,0,0,0,0,0,2,6,2,10,0,1,1,0,2,4,0,1,10,9,13,0,4,1,8,0,1,19,0,4,0,0,0,0,0,1,4,0,1,10,3,10,0,1,1,8,0,1,16,0,1,0,0,0,0,0,1,1,0,1,8,0,8,0,0,1,3,0,1,14,0,0,0,0,0,0
441,442,22,-0.3954,10,3,3,115.54,128.727062668,339.366,0,0,0,0,0,0,0,0,0,0,0,0,0,0,0,0,0,0,0,0,0,0,0,0,0,0,0,0,0,0,0,0,0,0,0,0,0,0,1.8725713677000002,561.473564579,16.3889050571,12.897849253299999,13.714345834200001,9.9167620879,6.962047664500001,8.4334521853,6.5567702442,7.7780710642,3.6990302457,4.1454142291,3.1119998341,3.4405326874,-0.33,16.5250715558,4.8350486875,3.0171902244999997,2,9,23.684314769,24.918781127800003,11.5742223051,5.7871111526,0.0,10.304164876,4.1830854326999996,5.1389737376,8.417796984299999,0.0,0.0,27.694948798800002,0.0,6.6068819645,36.285197186,10.304164876,0.0,0.0,5.1389737376,63.3681814197,13.213763929,0.0,0,0.0,5.1389737376,0.0,0.0,0.0,57.3047935343,38.1715650777,0.0,27.694948798800002,0.0,0.0,0.0,0,0,-4.137208509200001,0,0,0,0,0,0,26.888896762399998,35.9149784134,0,0,0,0,0,0,0,0,0,0,0,0,0,0,0,0,0,1,0,0,0,0,0,0,0,0,0,0,0,0,0,0,0,0,0,0,3,0,0,0,0,5,0,0,0,0,0,0,0,0,0,0,0,0,0,0,0,0,0,0,0,0,0,0,0,0,0,0,0,0,0,0,0,0,0,0,0,0,0,0,0,0,0,0,0,8,0,1,0,0,0,25,0,6,0,0,0,0,0,0,0,0,0,0,0,0,0,0,0,0,0,0,15,0,3,0,0,0,0,0,0,0,0,0,0,0,0,0,0,0,0,0,0,6,0,2,0,0,0,0,0,0,0,0,0,0,0,0,0,0,0,0,0,0,0
453,454,19,3.1295,4,1,3,41.46,115.48746551200001,270.719,0,0,0,0,0,0,0,0,0,0,0,0,0,0,0,0,0,0,0,0,0,0,0,0,0,0,0,0,0,0,0,0,0,0,0,0,0,0,2.1951789492,665.100721354,13.2422762082,10.0593352937,10.815264239700001,9.237183443,5.935211810299999,6.313176283300001,4.2689420295,4.70537781,2.9388273396,3.1739244424,2.0899691527,2.2620721767,-2.13,11.9323267053,4.860305083,2.3728325733,1,3,5.316788604,6.5447564059,0.0,5.9071797294,0.0,0.0,9.7869419167,0.0,0.0,0.0,41.9327752325,18.199101205399998,16.1495362971,11.3990712775,4.7945371841,28.907190897,0.0,0.0,4.9924047326,0.0,11.8615450099,64.6804728448,0,0.0,5.316788604,5.687386274700001,0.0,11.6009398902,18.163621138,4.7945371841,0.0,11.126902983399999,53.523341280299995,5.0226333137,0.0,0,0,6.0513931581,0,0,0,0,0,0,0.0,38.059717953,0,0,0,0,0,0,0,0,0,0,1,1,0,0,1,1,1,0,0,0,0,0,0,0,0,0,0,1,0,1,0,0,0,0,2,1,1,0,0,0,0,0,0,0,1,0,0,0,0,0,0,0,0,0,0,0,0,0,0,0,0,0,0,0,0,0,0,0,0,0,0,0,0,0,0,0,0,0,0,0,0,0,0,0,0,1,12,1,12,0,0,0,5,1,5,0,0,47,4,47,0,0,0,3,0,0,47,0,0,0,0,0,0,2,1,2,0,0,30,2,30,0,0,0,1,0,0,30,0,0,0,0,0,0,1,1,1,0,0,17,0,17,0,0,0,1,0,0,17,0,0,0,0,0,1
462,463,28,2.0882,7,6,4,69.64,166.659766776,385.51199999999994,0,0,0,0,0,0,0,0,0,0,0,0,0,0,0,0,0,0,0,0,0,0,0,0,0,0,0,0,0,0,0,0,0,0,0,0,0,0,1.1554697995999998,661.29617437,19.3991304577,16.6841103026,16.6841103026,13.6513970054,10.728033665,10.728033665,8.584362324299999,8.584362324299999,6.6321112686,6.6321112686,4.9933238831999995,4.9933238831999995,-2.02,19.303108533499998,8.5535595528,4.3459374069,0,7,4.8999097309,0.0,0.0,17.7626987397,0.0,0.0,19.3888938298,9.9679570419,0.0,0.0,12.841643245899999,43.7094004355,57.95911241859999,0.0,9.589074368099999,17.7626987397,0.0,19.7677765036,5.4149904694,51.366572983400005,44.1684481663,18.4600542117,0,0.0,4.8999097309,5.948339281,0.0,0.0,70.85067439779999,9.589074368099999,5.4149904694,51.366572983400005,18.4600542117,0.0,0.0,0,0,0.0,0,0,0,0,0,0,0.0,59.25,0,0,0,0,0,2,0,0,0,0,2,2,0,0,0,5,0,0,0,0,1,0,0,0,0,0,0,2,0,1,0,0,0,0,0,0,0,0,0,0,0,0,0,0,0,0,0,0,1,0,0,0,0,0,0,0,0,0,0,0,0,0,0,0,0,0,0,0,0,1,1,0,0,0,0,0,0,0,0,0,0,0,0,1,0,4,6,2,7,0,1,2,6,0,9,0,0,10,0,0,0,0,1,7,0,0,15,0,0,0,0,0,2,6,0,9,0,0,10,0,0,0,0,0,4,0,0,9,0,0,0,0,0,2,3,0,2,0,0,8,0,0,0,0,0,1,0,0,5,0,0,0,0,0,1
470,471,23,3.7878,4,5,3,40.62,135.850108534,308.381,0,0,0,0,0,0,0,0,0,0,0,0,0,0,0,0,0,0,0,0,0,0,0,0,0,0,0,0,0,0,0,0,0,0,0,0,0,0,2.0215060314,627.530505094,16.2338400398,13.183097076600001,13.183097076600001,11.2363821052,8.0167480274,8.0167480274,5.6659948346,5.6659948346,4.0615765455,4.0615765455,2.8769817820999997,2.8769817820999997,-2.62,15.282399930999999,6.6487332361,2.8426561735000004,0,4,0.0,5.9179060462,0.0,0.0,11.814359458699998,0.0,9.589074368099999,10.017825047899999,0.0,0.0,56.1635828563,30.686289896799998,0.0,11.374772549400001,9.589074368099999,23.1891320081,0.0,0.0,5.9179060462,26.1862020685,10.017825047899999,60.6636706846,0,0.0,10.017825047899999,11.374772549400001,0.0,0.0,11.814359458699998,9.589074368099999,5.9179060462,26.1862020685,60.6636706846,0.0,0.0,0,0,0.0,0,0,0,0,0,0,0.0,52.5,0,0,0,0,0,0,0,0,0,0,2,2,0,0,0,2,0,0,0,0,0,0,0,0,0,0,0,2,0,2,0,0,0,0,2,0,0,0,0,0,0,0,0,0,0,1,0,0,0,0,0,0,0,0,0,0,0,0,0,0,0,0,0,0,2,0,0,0,0,0,0,0,0,0,0,0,0,0,0,0,0,0,0,0,0,2,12,0,16,0,0,1,12,0,19,0,0,44,0,73,0,0,0,0,0,0,84,0,0,0,0,0,1,8,0,15,0,0,32,0,45,0,0,0,0,0,0,50,0,0,0,0,0,1,3,0,6,0,0,19,0,24,0,0,0,0,0,0,25,0,0,0,0,0,0
475,476,18,1.3435,4,2,3,70.91,105.55732458600001,243.31,0,0,0,0,0,0,0,0,0,0,0,0,0,0,0,0,0,0,0,0,0,0,0,0,0,0,0,0,0,0,0,0,0,0,0,0,0,0,2.1371747992,614.771783926,12.698306133800001,10.41631998,10.41631998,8.685871848,6.2931116483,6.2931116483,4.9351183619,4.9351183619,3.8806111458999997,3.8806111458999997,2.8167340832999996,2.8167340832999996,-1.81,11.290079455699999,4.137177457,1.6926714528,4,4,16.0344346021,0.0,0.0,5.9071797294,0.0,0.0,4.7945371841,0.0,0.0,0.0,0.0,50.0726895485,28.2021452478,0.0,4.7945371841,16.8101046614,0.0,10.300767125,5.7336674772,25.3043056979,7.0476719827,35.0199321836,0,0.0,11.050456081199998,0.0,0.0,0.0,23.9806710621,12.841643245899999,0.0,28.0361897852,18.199101205399998,0.0,10.902924932100001,0,0,0.0,0,0,0,0,0,0,0.0,39.8333333333,0,0,0,0,0,1,1,0,0,0,1,1,0,0,0,0,2,1,0,1,0,1,0,0,0,0,0,1,0,0,1,0,0,0,1,0,3,0,0,0,0,0,0,0,0,0,0,0,0,0,0,0,0,0,0,0,0,0,0,0,0,0,0,0,0,0,0,0,0,0,0,1,0,0,0,0,0,0,0,0,0,0,0,0,0,1,9,3,7,0,1,0,3,3,1,0,1,28,20,15,0,8,3,1,0,2,15,0,6,0,0,0,0,2,1,1,0,0,25,16,14,0,6,1,1,0,1,14,0,4,0,0,0,0,1,1,1,0,0,15,7,9,0,3,1,1,0,1,9,0,1,0,0,0,0
479,480,23,3.24884,4,3,3,37.61,135.937314158,307.397,0,0,0,0,0,0,0,0,0,0,0,0,0,0,0,0,0,0,0,0,0,0,0,0,0,0,0,0,0,0,0,0,0,0,0,0,0,0,2.1900111791,860.202152182,16.5601134534,13.9984477425,13.9984477425,10.9523974982,7.702616938099999,7.702616938099999,6.1727228995,6.1727228995,4.0078234716,4.0078234716,2.6124280521000003,2.6124280521000003,-2.62,15.282399930999999,5.8758692342,2.9722047311,0,4,9.300604337100001,5.647177220800001,0.0,5.9071797294,0.0,0.0,4.7945371841,4.983978521,0.0,0.0,35.895286834000004,25.477292959499998,25.855639028699997,17.8086776126,4.7945371841,11.5543569501,0.0,14.2845828581,0.0,20.2682960223,14.0953439654,59.4158769606,0,11.257379486500001,0.0,0.0,0.0,0.0,34.287106552800005,11.215358807000001,13.847474399400001,16.8208309782,42.595045982399995,0.0,16.9045567073,0,0,0.0,0,0,0,0,0,0,2.0336545728999997,47.133012093699996,0,0,0,0,0,2,0,0,0,0,1,1,0,0,0,3,0,0,0,1,0,0,0,0,0,0,0,1,0,0,2,0,0,0,1,0,1,0,0,0,0,0,0,0,0,0,0,1,0,0,0,0,0,0,0,0,0,0,0,0,0,0,0,0,0,0,0,0,0,0,0,0,0,1,0,0,0,0,0,0,0,0,0,0,0,2,15,1,8,0,5,1,13,2,11,0,0,77,8,57,0,10,0,2,0,0,8,0,0,0,0,10,1,6,1,4,0,0,57,3,35,0,10,0,1,0,0,7,0,0,0,0,10,0,4,1,2,0,0,30,0,13,0,8,0,0,0,0,6,0,0,0,0,8,1
482,483,14,1.58914,3,2,1,55.12,84.3073886721,192.262,0,0,0,0,0,0,0,0,0,0,0,0,0,0,0,0,0,0,0,0,0,0,0,0,0,0,0,0,0,0,0,0,0,0,0,0,0,0,2.9126516467,324.890810005,10.7151784707,8.7949996364,8.7949996364,6.5197445078,4.6474998182,4.6474998182,3.5447347316,3.5447347316,2.1428884569,2.1428884569,1.2486626116,1.2486626116,-1.35,10.7290513834,4.2416587084,2.3257558525,3,3,11.050456081199998,0.0,0.0,5.9071797294,0.0,0.0,4.7945371841,0.0,0.0,0.0,18.199101205399998,31.8981145825,5.687386274700001,6.0418408292,4.7945371841,11.594566004,0.0,0.0,5.7336674772,26.813052428200002,5.316788604,29.326004188800002,0,0.0,11.050456081199998,5.687386274700001,0.0,0.0,11.949020558499999,4.7945371841,13.847474399400001,18.0506401831,18.199101205399998,0.0,0.0,0,0,0.0,0,0,0,0,0,0,0.0,33.5,0,0,0,0,0,0,0,0,0,0,1,1,0,0,0,0,1,1,0,0,0,0,0,0,0,0,0,1,0,1,2,0,0,0,1,0,0,0,0,0,0,0,0,0,0,0,0,0,0,0,0,0,0,0,0,0,0,0,0,0,0,0,0,0,1,0,0,0,0,0,0,0,0,0,0,0,0,0,0,0,0,0,0,0,0,1,6,2,6,0,1,0,6,1,6,0,0,15,0,15,0,0,1,12,0,0,15,0,0,0,0,0,0,5,1,5,0,0,15,0,15,0,0,1,6,0,0,15,0,0,0,0,0,0,2,1,2,0,0,10,0,10,0,0,1,2,0,0,10,0,0,0,0,0,0
511,512,29,2.7189,8,3,4,65.78,164.75161895600002,399.397,2,1,0,0,0,0,0,0,0,0,0,0,0,0,0,0,0,0,0,0,0,0,0,0,0,0,0,0,0,0,0,0,0,0,0,0,0,0,1.9710874719,1150.53044183,20.7063778233,15.731158918,15.731158918,13.846244348299999,9.1657063818,9.1657063818,7.134563164199999,7.134563164199999,5.2513018821,5.2513018821,3.5916786042,3.5916786042,-3.26,19.0736761956,7.2879195036,3.4676163406000002,1,6,19.4734465043,17.1978931738,0.0,5.428790391900001,0.0,5.969305287999999,4.7945371841,13.5753672794,0.0,0.0,0.0,43.445874393400004,43.449479684399996,11.2040869923,18.6818946743,22.5596164947,0.0,9.4670093786,0.0,0.0,38.1266073372,70.01626673210001,0,5.687386274700001,10.328700122799999,14.46821637,0.0,0.0,53.7695396678,0.0,11.6344416821,10.3579886758,47.389583166499996,0.0,16.5903112068,0,0,0.0,0,0,0,0,0,0,29.7512933624,49.2487066376,0,0,0,0,1,1,0,0,1,1,1,0,0,0,0,3,0,0,0,1,0,0,0,0,0,0,0,0,0,1,0,0,0,0,2,0,1,0,0,0,0,0,0,0,2,0,0,0,0,0,0,0,0,0,0,0,0,0,0,0,0,0,0,0,0,0,0,0,0,0,1,0,0,1,0,0,0,0,0,0,0,0,0,0,0,5,16,2,13,3,1,6,8,3,6,6,0,94,16,74,33,5,0,1,0,0,59,27,5,1,0,0,3,5,2,3,4,0,70,7,53,18,2,0,0,0,0,45,14,2,1,0,0,2,3,1,1,2,0,32,1,26,6,0,0,0,0,0,23,3,0,1,0,0,0
519,520,23,1.581,8,2,3,99.6,132.498707177,331.353,0,0,0,0,0,0,0,0,0,0,0,0,0,0,0,0,0,0,0,0,0,0,0,0,0,0,0,0,0,0,0,0,0,0,0,0,0,0,2.0932817932,907.3290496860001,16.6125196962,12.0934361019,12.9099326828,10.925557486199999,6.666414091900001,8.106477420700001,4.8350094751,6.7726911179,3.4413928931999997,5.2568510242,2.2943711664,3.6923128118,-2.87,15.042183664300001,5.3980636566,2.4232486117,2,7,10.4233159988,5.817862777799999,11.4562041847,0.0,15.9304708828,0.0,9.0997531754,13.4017755053,0.0,0.0,18.199101205399998,24.2654682738,18.807967045999998,4.8954834755,18.3188615632,27.5074985323,0.0,9.2891945122,0.0,4.8954834755,12.3644605867,59.92190385560001,0,0.0,5.316788604,5.817862777799999,0.0,0.0,35.7683706034,14.8178283375,0.0,5.5634514916999995,59.25393583939999,0.0,5.7591648716999995,0,0,-3.9059285767,0,0,0,0,0,0,25.7706191736,41.5519760697,0,1,1,0,0,1,0,0,0,0,1,1,0,0,0,2,1,0,0,1,0,0,0,0,0,0,0,1,0,1,0,0,0,0,1,0,1,0,0,0,0,0,0,0,0,0,0,0,0,0,0,0,0,0,0,0,0,0,0,0,0,0,0,0,0,0,0,0,0,0,0,0,0,1,0,0,1,0,0,0,0,0,0,0,0,5,12,2,6,0,0,10,20,6,0,0,0,33,9,10,0,0,1,0,0,0,10,0,0,0,0,0,8,12,5,0,0,0,26,6,10,0,0,1,0,0,0,10,0,0,0,0,0,3,5,1,0,0,0,18,3,8,0,0,0,0,0,0,8,0,0,0,0,0,0
525,526,28,4.4779,4,4,4,77.76,169.653818401,392.58,0,0,0,0,0,0,0,0,0,0,0,0,0,0,0,0,0,0,0,0,0,0,0,0,0,0,0,0,0,0,0,0,0,0,0,0,0,0,1.5548220175999998,605.4125684869999,20.2672202346,17.9397590423,17.9397590423,13.164374903499999,11.744407649300001,11.744407649300001,11.3623639171,11.3623639171,10.2292855534,10.2292855534,8.7278043997,8.7278043997,-0.61,20.6542491961,7.2652999295,3.1368411499,3,4,15.3195821845,0.0,0.0,0.0,0.0,5.969305287999999,4.7945371841,0.0,0.0,0.0,20.771211599100003,104.12481182200001,6.420821622899999,12.2079327755,20.114119368599997,5.969305287999999,0.0,0.0,46.3374172158,97.18736060379999,0.0,0.0,0,0.0,0.0,0.0,0.0,0.0,33.496820248,4.7945371841,46.3374172158,84.9794278283,0.0,0.0,0.0,0,0,0.0,0,0,0,0,0,0,0.0,60.8333333333,1,2,2,0,0,0,0,0,1,1,1,0,0,0,0,0,0,0,0,0,0,0,0,0,0,0,0,0,0,0,0,0,0,0,0,0,5,0,0,0,0,0,0,0,0,0,0,0,0,0,0,0,0,0,0,0,0,0,0,0,0,0,0,0,0,0,0,0,0,0,0,0,0,0,0,0,0,0,0,0,0,0,0,0,0,4,0,3,14,3,0,2,0,2,5,1,0,0,0,0,0,0,1,5,0,0,74,22,0,3,0,0,2,0,2,0,1,0,0,0,0,0,0,1,0,0,0,58,10,0,3,0,0,1,0,1,0,1,0,0,0,0,0,0,0,0,0,0,25,3,0,3,0,0,1
542,543,23,1.2683,7,3,3,74.57,131.683959975,319.336,1,1,0,0,0,0,0,0,0,0,0,0,0,0,0,0,0,0,0,0,0,0,0,0,0,0,0,0,0,0,0,0,0,0,0,0,0,0,2.2435848524,825.4107594010001,16.5601134534,12.8036865539,12.8036865539,11.024075805499999,7.5825223434,7.5825223434,5.5208834500999995,5.5208834500999995,4.1775419151,4.1775419151,2.9614334514,2.9614334514,-2.41,15.4843420651,6.000303361399999,2.6762994529,2,6,19.8903253775,11.3806723327,0.0,5.428790391900001,0.0,5.969305287999999,4.7945371841,9.184952231799999,0.0,0.0,0.0,19.0564713366,44.3068498156,11.2040869923,14.291479626600001,22.5596164947,0.0,9.8838882518,0.0,13.468493605599999,31.078935354499997,39.9335776173,0,0.0,15.6454887268,10.077801322400001,0.0,0.0,41.8219579542,6.5447564059,5.8172208411,17.2817258755,23.1241148926,0.0,10.902924932100001,0,0,0.0,0,0,0,0,0,0,16.1668563398,45.4998103269,0,0,0,0,1,1,0,0,1,1,1,0,0,0,0,2,1,0,0,0,0,0,0,0,0,0,0,0,0,1,1,0,0,0,1,0,1,0,0,0,0,0,0,0,1,0,0,0,0,0,0,0,0,0,0,0,0,0,0,0,0,0,0,0,0,0,0,0,0,0,1,0,0,1,0,0,0,0,0,0,0,0,0,0,0,4,10,2,7,3,1,4,5,2,1,4,0,36,13,16,25,5,0,0,0,0,15,18,5,3,0,0,3,4,2,1,3,0,32,6,15,15,2,0,0,0,0,15,9,2,1,0,0,2,3,1,1,2,0,15,1,9,3,0,0,0,0,0,9,0,0,1,0,0,0
559,560,26,1.5576,5,2,4,94.83,153.341308094,360.45,0,0,0,0,0,0,0,0,0,0,0,0,0,0,0,0,0,0,0,0,0,0,0,0,0,0,0,0,0,0,0,0,0,0,0,0,0,0,1.747281448,723.913081502,18.905412915,15.4422299389,15.4422299389,12.1705046226,9.6606243186,9.6606243186,9.1919546936,9.1919546936,8.2527066042,8.2527066042,6.919333409,6.919333409,-1.3,18.0814854879,5.5997198392,2.0792514526,3,5,15.3195821845,12.2079327755,11.5664898927,0.0,0.0,0.0,9.589074368099999,0.0,0.0,0.0,25.4965990363,56.0919604206,16.747886985,6.1039663878,24.9086565527,11.5664898927,0.0,0.0,28.5836990773,57.65659971270001,6.6068819645,23.8011648506,0,0.0,0.0,0.0,0.0,0.0,45.1979712405,9.589074368099999,28.5836990773,45.951582513999995,23.8011648506,0.0,0.0,0,0,0.0,0,0,0,0,0,0,0.0,65.0833333333,0,3,2,0,0,0,0,0,0,0,2,2,0,0,0,0,0,0,0,0,0,0,0,0,0,0,4,0,0,0,0,0,0,0,0,0,5,0,0,0,0,0,0,0,0,0,0,0,0,0,0,2,1,0,0,0,0,0,0,0,0,0,0,0,0,0,0,0,0,0,0,0,0,0,0,0,0,0,0,0,0,0,0,0,0,5,0,3,8,0,0,7,0,6,14,0,0,0,0,0,0,0,3,5,0,0,25,0,0,0,0,0,4,0,3,10,0,0,0,0,0,0,0,1,4,0,0,20,0,0,0,0,0,3,0,3,4,0,0,0,0,0,0,0,1,0,0,0,10,0,0,0,0,0,1
573,574,20,3.0356,3,5,2,32.7,122.107547876,277.408,0,0,0,0,0,0,0,0,0,0,0,0,0,0,0,0,0,0,0,0,0,0,0,0,0,0,0,0,0,0,0,0,0,0,0,0,0,0,2.250737579,407.503110016,14.5875756698,12.9320675145,12.9320675145,9.5486606019,7.5607067364,7.5607067364,6.2522245832,6.2522245832,4.433918253,4.433918253,3.2994143958999995,3.2994143958999995,-1.06,15.3311433397,6.594721309400001,3.5256909334,1,3,14.7433000795,5.749511833300001,0.0,0.0,0.0,0.0,0.0,0.0,0.0,0.0,31.3951990057,44.6331728398,12.4626624521,12.7108483523,9.8433903486,0.0,0.0,4.8999097309,0.0,43.623064971800005,27.7498979125,29.8289197655,0,5.749511833300001,4.7368629538,0.0,5.749511833300001,0.0,43.3573858492,0.0,0.0,43.5854656525,24.2654682738,0.0,0.0,0,0,0.0,0,0,0,0,0,0,0.0,40.4166666667,0,1,0,0,0,0,0,0,0,0,0,0,0,0,0,1,0,0,0,1,0,0,0,0,0,0,0,0,0,0,0,0,0,0,1,0,0,0,0,0,0,1,0,0,0,0,0,0,0,0,0,0,0,0,0,1,0,0,0,0,0,0,0,0,0,0,0,0,0,0,0,0,0,0,0,0,0,0,0,0,0,0,0,0,0,2,6,2,7,0,1,1,0,0,0,0,0,10,10,15,0,5,1,0,0,0,15,0,6,0,0,0,1,0,0,0,0,0,10,6,15,0,4,1,0,0,0,15,0,5,0,0,0,1,0,0,0,0,0,8,1,12,0,1,0,0,0,0,12,0,1,0,0,0,1
581,582,23,0.5567,8,6,2,101.73,136.395480768,341.43300000000005,0,0,0,0,0,0,0,0,0,0,0,0,0,0,0,0,0,0,0,0,0,0,0,0,0,0,0,0,0,0,0,0,0,0,0,0,0,0,2.1429292572,675.299604122,17.035169427,13.4107402997,14.2272368806,10.8627218708,7.5955013661,9.141820844,5.5417658964,7.1031889538,4.1475986737,5.0585982738,2.8898744424,3.4297119122,-1.64,17.709781266700002,7.287380626799999,4.2132847582999995,3,7,10.0536515578,5.749511833300001,0.0,10.0232911534,5.9071797294,0.0,9.6944469149,13.556770721900001,0.0,0.0,6.923737199700001,44.130257263100006,12.5865972351,17.5687325085,17.9491971222,15.9304708828,0.0,10.2166983349,5.1389737376,30.7027047502,26.744066759000003,23.762552697100002,0,5.749511833300001,15.1926252954,0.0,5.749511833300001,0.0,52.010794032700005,10.0232911534,0.0,30.1233691213,23.094584680900002,0.0,0.0,0,0,-3.8709329515,0,0,0,0,0,0,22.9095228027,40.3780768155,0,0,0,0,0,0,0,0,0,0,1,1,0,0,0,1,1,1,0,1,1,0,0,0,0,0,0,1,0,0,0,0,0,0,1,0,0,0,0,0,0,1,0,0,0,0,0,0,0,0,0,0,0,0,0,1,0,0,0,0,0,0,0,0,0,0,0,0,0,0,0,0,0,0,0,0,1,0,0,0,0,0,0,0,0,4,6,3,6,0,1,6,0,7,0,0,1,10,11,10,0,1,2,0,0,1,10,0,1,0,0,0,4,0,3,0,0,0,10,8,10,0,0,0,0,0,0,10,0,0,0,0,0,3,0,3,0,0,0,8,2,8,0,0,0,0,0,0,8,0,0,0,0,0,0
596,597,25,6.4548,7,6,3,27.05,165.6058079,416.135,0,0,0,0,0,0,0,0,0,0,0,0,0,0,0,0,0,0,0,0,0,0,0,0,0,0,0,0,0,0,0,0,0,0,0,0,0,0,1.8571083406,832.0373328,17.811190308900002,13.0022496278,16.0259654118,12.0417138957,7.4951906226,9.007048514600001,5.4251705459,7.0832067065999995,3.7357540981999997,5.0063978301,2.4438137502,3.4805565208999996,-1.23,18.557796406199998,8.434163357200001,4.6889348534,0,3,9.3039626016,6.1039663878,0.0,0.0,0.0,0.0,0.0,4.983978521,0.0,0.0,58.5364936979,24.2654682738,43.611123381599995,19.4789584452,4.7368629538,46.4037595609,0.0,9.5510781687,0.0,19.2556047582,0.0,86.33664586709999,0,0.0,0.0,0.0,0.0,46.4037595609,9.5510781687,17.8885013242,0.0,17.2308693711,55.1192096288,20.090533255,0.0,0,0,24.8320387166,0,0,0,0,0,0,1.9204467434999999,30.5252923176,0,0,0,0,0,2,0,0,0,0,0,0,0,0,0,2,0,0,0,0,0,0,0,0,0,0,0,0,0,0,0,0,0,0,2,0,0,0,0,0,0,1,0,0,4,0,0,1,0,0,0,0,0,0,0,0,0,0,0,0,0,0,0,0,0,0,0,0,0,0,0,0,0,0,0,0,0,0,0,0,0,0,0,0,0,2,17,0,12,0,5,1,4,0,3,0,1,78,0,50,0,28,0,0,0,0,38,0,18,0,0,10,1,1,0,0,0,1,48,0,31,0,17,0,0,0,0,28,0,7,0,0,10,1,1,0,0,0,1,27,0,18,0,9,0,0,0,0,18,0,1,0,0,8,0
598,599,19,4.738,2,5,2,3.24,122.50303512100001,279.855,0,0,0,0,0,0,0,0,0,0,0,0,0,0,0,0,0,0,0,0,0,0,0,0,0,0,0,0,0,0,0,0,0,0,0,0,0,0,2.314968583,403.775170874,14.043605595399999,12.6177068084,13.3736357544,8.9540314724,7.3799545574000005,7.757919030399999,6.6255439252,7.061979705700001,4.6207918266000005,4.8727681419,3.5309582382999998,3.6569463960000004,-0.53,14.8703367091,5.8466240544,2.9778728225999997,0,1,4.8999097309,0.0,0.0,0.0,0.0,0.0,0.0,0.0,0.0,0.0,44.001970049499995,56.971900508900006,16.4794646123,0.0,0.0,11.6009398902,0.0,4.8999097309,5.9179060462,50.9875921896,14.0953439654,34.8515530793,0,0.0,0.0,0.0,0.0,11.6009398902,25.0370945254,5.4149904694,5.9179060462,45.094212382799995,24.2654682738,5.0226333137,0.0,0,0,6.0389906148,0,0,0,0,0,0,0.0,29.322120496300002,0,0,0,0,0,0,0,0,0,0,0,0,0,0,0,1,0,0,0,1,0,0,0,0,0,0,0,0,0,0,0,0,0,0,1,0,0,0,0,0,0,0,0,0,1,0,0,0,0,0,0,0,0,0,0,0,0,0,0,0,0,0,0,0,0,0,0,0,0,0,0,0,0,0,0,0,0,0,0,0,0,0,0,0,0,0,6,1,14,0,1,0,0,0,0,0,0,10,5,46,0,5,0,7,0,0,68,0,6,0,0,0,0,0,0,0,0,0,10,5,28,0,5,0,7,0,0,41,0,5,0,0,0,0,0,0,0,0,0,8,1,11,0,1,0,4,0,0,18,0,1,0,0,0,1
611,612,23,4.2335199999999995,6,1,4,43.07,142.963323099,343.217,0,0,0,0,0,0,0,0,0,0,0,0,0,0,0,0,0,0,0,0,0,0,0,0,0,0,0,0,0,0,0,0,0,0,0,0,0,0,2.0274961738,943.516467812,15.974327015799998,12.293341993499999,13.805199885599999,11.1478670455,7.154770557000001,7.910699502999999,5.3050034031,6.148639310399999,3.8540672435000003,4.4187525674,2.8333552865,3.2306949579000004,-2.17,14.4240298896,5.476836017999999,2.3467292305000003,0,4,0.0,12.369160903900001,5.824404498,0.0,0.0,0.0,9.5595043804,0.0,0.0,10.197363616599999,41.4009809858,31.1892054735,21.1721696109,11.3990712775,0.0,28.913564783200002,0.0,14.7644632644,4.9924047326,13.468493605599999,0.0,75.2855480861,0,5.687386274700001,0.0,0.0,0.0,23.2018797805,20.4761482672,6.5447564059,6.923737199700001,22.7757119794,47.4569742119,10.0452666275,5.687386274700001,0,0,12.6198843117,0,0,0,0,0,0,2.0129037541,35.4227674897,0,0,0,0,0,3,0,0,0,0,0,0,0,0,1,4,0,0,0,0,0,0,0,0,0,0,0,0,0,0,1,0,0,0,2,0,3,0,0,0,0,0,0,0,2,0,0,0,0,0,0,0,0,0,0,0,0,0,0,0,0,0,0,0,0,0,0,0,0,0,0,0,0,0,0,0,0,0,0,0,0,0,0,0,0,2,17,0,12,0,0,1,6,0,5,0,0,102,0,67,0,0,0,0,0,0,46,0,0,0,0,0,1,3,0,2,0,0,69,0,40,0,0,0,0,0,0,31,0,0,0,0,0,1,3,0,2,0,0,33,0,20,0,0,0,0,0,0,17,0,0,0,0,0,1
613,614,18,1.6744400000000002,7,3,2,98.22,104.834243878,267.31,0,0,0,1,0,0,0,0,0,0,0,0,0,0,0,0,0,0,0,0,0,0,0,0,0,0,0,0,0,0,0,0,0,0,0,0,0,0,2.3275923613,659.341926632,13.3364988143,9.9669581033,10.7834546842,8.3986840327,5.2119290923,6.6950923399,3.8966429817000003,5.5790452231,2.5746224778999998,3.9215145899,1.3384655134999999,2.3851377195,-2.02,12.437269065899999,4.3375836449000005,2.3030302241,3,6,10.256762414099999,0.0,0.0,5.884182201900001,10.0232911534,0.0,0.0,13.139891848800001,0.0,0.0,5.1566632571,38.1129426732,11.250837766400002,10.5894114704,12.9408919213,21.59485963,0.0,5.1566632571,0.0,18.7429578749,10.4557623416,35.5228477604,0,0.0,10.4557623416,11.571568476500001,0.0,0.0,13.5744602415,10.0232911534,13.847474399400001,11.257379486500001,33.6840466863,0.0,0.0,0,0,-3.6785648148,0,0,0,0,0,0,28.980482725500003,22.948082089299998,0,0,0,1,0,1,0,0,0,0,0,0,0,0,0,1,1,1,0,0,0,0,0,0,0,0,0,0,0,2,1,0,0,0,1,0,0,0,0,0,0,0,0,0,0,0,0,0,0,0,0,0,0,0,0,0,0,0,0,0,0,0,0,0,0,0,0,0,0,0,0,0,0,0,0,0,1,0,0,0,0,0,0,0,0,3,11,2,7,0,0,3,12,5,3,0,0,38,11,16,0,0,1,1,0,0,12,0,0,0,0,0,3,10,3,2,0,0,27,9,14,0,0,0,0,0,0,10,0,0,0,0,0,1,5,2,1,0,0,17,3,11,0,0,0,0,0,0,8,0,0,0,0,0,0
615,616,20,2.0024,6,7,1,67.59,124.57886014200001,299.802,0,0,0,1,0,0,0,0,0,0,0,0,0,0,0,0,0,0,0,0,0,0,0,0,0,0,0,0,0,0,0,0,0,0,0,0,0,0,2.6993698551,461.977392355,15.1209558646,12.2021525818,12.9580815278,9.5276057653,6.6653047414,7.0432692144,4.35678818,4.7639883068,3.1714456945,3.4987725298,1.8780472915000002,2.0417107091999998,-1.46,16.5939374326,7.968039579400001,4.2825206789,3,5,20.6872287658,5.749511833300001,0.0,0.0,5.9071797294,0.0,4.7945371841,0.0,0.0,0.0,25.4484142896,19.1558798803,19.1558798803,23.3832686214,9.5314001379,23.1955058943,0.0,10.2166983349,0.0,13.847474399400001,39.0224906421,22.7188189424,0,5.749511833300001,15.787319035,5.687386274700001,5.749511833300001,11.6009398902,44.095912625100006,0.0,0.0,24.2054630752,12.1327341369,5.0226333137,0.0,0,0,5.947448979500001,0,0,0,0,0,0,0.0,41.496995464899996,0,0,0,1,0,0,0,0,0,0,1,1,0,0,0,1,1,1,0,1,0,0,0,0,0,0,0,1,0,1,0,0,0,0,1,0,0,0,0,0,0,1,0,0,1,0,0,0,0,0,0,0,0,0,0,1,0,0,0,0,0,0,0,0,0,0,0,0,0,0,0,0,0,0,0,0,0,0,0,0,0,0,0,0,0,2,6,3,6,0,1,1,0,3,0,0,1,10,14,10,0,4,2,0,0,1,10,0,4,0,0,0,0,0,3,0,0,1,10,9,10,0,0,1,0,0,1,10,0,0,0,0,0,0,0,1,0,0,0,8,3,8,0,0,0,0,0,0,8,0,0,0,0,0,1
630,631,26,4.4479,9,2,3,45.15,144.583729747,378.316,6,2,0,0,0,0,0,0,0,0,0,0,0,0,0,0,0,0,0,0,0,0,0,0,0,0,0,0,0,0,0,0,0,0,0,0,0,0,2.231131132,796.165286003,19.1125196962,13.454742768900001,13.454742768900001,12.087353528800001,8.0831583929,8.0831583929,6.2952182499000005,6.2952182499000005,4.5155445201,4.5155445201,3.2583650874,3.2583650874,-1.87,18.9073110074,6.6960862899,3.6358416318,2,3,10.4233159988,5.6939279949,0.0,0.0,0.0,12.3525970349,0.0,4.983978521,26.342490286,0.0,18.553555759800002,37.0825852804,11.428065043599998,17.1841185971,31.449017680900003,10.902924932100001,0.0,10.300767125,0.0,43.760869120600006,6.5447564059,41.0862992521,0,0.0,5.316788604,26.342490286,0.0,0.0,22.6771031508,12.3525970349,0.0,42.1872622348,24.2654682738,0.0,10.902924932100001,0,0,0.0,0,0,0,0,0,0,79.2783187784,7.7216812216,0,1,1,0,0,1,0,0,0,0,0,0,0,0,0,1,1,0,0,0,0,0,0,0,0,6,0,0,0,0,0,0,0,0,1,0,1,0,0,0,0,0,0,0,6,0,0,0,0,0,0,0,0,0,0,0,0,0,0,0,0,0,0,0,1,0,0,0,0,1,0,0,0,1,0,0,0,0,0,0,0,0,0,0,0,2,10,2,7,0,1,1,0,3,0,0,2,36,15,15,0,6,1,0,0,1,15,0,3,0,0,0,1,0,2,0,0,1,34,9,15,0,1,1,0,0,1,15,0,0,0,0,0,0,0,0,0,0,0,20,3,12,0,0,0,0,0,0,12,0,0,0,0,0,1
632,633,16,-1.0622,10,4,2,123.2,88.2205086547,236.136,0,0,0,0,0,0,0,0,0,0,0,0,0,0,0,0,0,0,0,0,0,0,0,0,0,0,0,0,0,0,0,0,0,0,0,0,0,0,1.948118235,278.903660732,11.7067423023,7.8840281538,7.8840281538,7.5753874004999995,4.4321010067,4.4321010067,3.3308333874000002,3.3308333874000002,2.405466113,2.405466113,1.8309440444,1.8309440444,-1.68,10.8251503521,4.0582356342,1.9684168023,0,10,19.1489030751,12.2079327755,12.2079327755,0.0,10.1732380859,0.0,0.0,0.0,0.0,20.2286365375,0.0,0.0,0.0,13.213763929,29.322141160900003,0.0,0.0,0.0,0.0,24.415865551,13.213763929,20.2286365375,0,0.0,0.0,0.0,0.0,0.0,47.8028675659,19.1489030751,20.2286365375,0.0,0.0,0.0,0.0,0,0,0.0,0,0,0,0,0,0,0.0,54.3333333333,0,0,0,0,0,0,0,0,0,0,0,0,0,0,0,2,0,0,0,0,0,0,0,0,0,0,0,0,0,0,0,0,0,0,0,0,1,0,0,0,0,2,0,0,0,0,0,0,0,0,0,0,0,0,0,0,0,0,0,0,0,0,0,0,0,0,0,0,0,0,0,0,0,0,0,0,0,0,0,0,0,0,0,0,0,4,0,0,6,0,0,6,0,0,18,0,0,0,0,0,0,0,0,0,0,0,9,0,0,0,0,0,6,0,0,14,0,0,0,0,0,0,0,0,0,0,0,6,0,0,0,0,0,5,0,0,4,0,0,0,0,0,0,0,0,0,0,0,6,0,0,0,0,0,1
643,644,22,1.8677,5,3,3,55.84,129.74407240000002,303.358,0,0,0,0,0,0,0,0,0,0,0,0,0,0,0,0,0,0,0,0,0,0,0,0,0,0,0,0,0,0,0,0,0,0,0,0,0,0,1.7896528799,559.037182255,15.6898699654,12.897679523599999,12.897679523599999,10.6133922029,7.6730770724,7.6730770724,6.0584215237,6.0584215237,4.9554605242,4.9554605242,3.7668747911000002,3.7668747911000002,-1.88,15.0325794205,6.0848965818,2.6087203863,0,5,9.4737259076,12.0218724339,0.0,0.0,0.0,11.938610575899999,9.6944469149,4.7945371841,0.0,0.0,18.199101205399998,32.0220493655,18.504503281199998,12.673249033,19.0628002757,11.938610575899999,0.0,4.8999097309,5.9179060462,37.4501129148,14.157469524000001,35.895286834000004,0,0.0,0.0,0.0,0.0,0.0,49.183637876800006,14.268263091700002,5.9179060462,29.6204535445,30.3318353423,0.0,0.0,0,0,0.0,0,0,0,0,0,0,0.0,51.8333333333,0,0,0,0,0,0,0,0,0,0,2,2,0,0,0,1,0,0,0,0,0,0,0,0,0,0,0,0,0,0,0,0,0,0,1,0,2,0,0,0,2,2,0,0,0,0,0,0,0,0,0,0,0,0,0,1,0,0,0,0,0,0,0,0,0,0,0,0,0,1,0,0,0,0,0,0,0,0,0,0,0,0,0,0,0,4,6,1,7,0,1,6,0,2,2,0,2,10,4,15,0,4,0,0,0,0,15,0,5,0,0,0,3,0,2,2,0,2,10,0,12,0,0,0,0,0,0,12,0,1,0,0,0,2,0,0,1,0,0,8,0,8,0,0,0,0,0,0,8,0,1,0,0,0,1
648,649,85,3.2689999999999997,23,15,1,278.8,508.394547099,1202.635,0,0,0,0,0,0,0,0,0,0,0,0,0,0,0,0,0,0,0,0,0,0,0,0,0,0,0,0,0,0,0,0,0,0,0,0,0,0,4.320268725,2325.07567567,65.9769978463,56.0651928112,56.0651928112,39.2090885241,30.561842569499998,30.561842569499998,26.0926020093,26.0926020093,16.0765656222,16.0765656222,10.6812990113,10.6812990113,-6.13,76.88267909220001,34.8715052765,21.6555817807,5,23,60.673049926800005,60.41840829149999,0.0,64.9789770229,0.0,0.0,52.73990902479999,0.0,0.0,0.0,109.08436100899999,100.72148366,49.3337038787,12.6487227937,57.8464364196,64.9789770229,0.0,55.566522532,41.4253423231,222.75083681200002,55.878460284700004,12.1520402137,0,0.0,21.267154416,0.0,0.0,0.0,226.785707498,52.73990902479999,41.4253423231,156.228462132,12.1520402137,0.0,0.0,0,0,0.0,0,0,0,0,0,0,0.0,211.8333333333,0,1,1,0,0,0,0,0,0,0,11,11,0,0,0,7,4,0,0,7,0,0,0,0,0,0,2,11,0,0,0,0,0,0,0,0,0,0,0,0,0,0,0,0,0,0,0,0,0,0,0,0,0,0,0,0,0,0,0,0,0,0,0,0,0,0,0,0,0,0,0,0,0,0,0,0,0,0,0,0,0,0,0,0,0,12,0,12,27,0,0,24,0,20,57,0,0,0,0,0,0,0,14,46,0,0,79,0,0,0,0,0,12,0,16,35,0,0,0,0,0,0,0,7,22,0,0,45,0,0,0,0,0,0,0,7,12,0,0,0,0,0,0,0,0,9,0,0,28,0,0,0,0,0,1
663,664,17,1.6838,5,2,2,86.18,99.7936771014,248.30700000000002,0,0,0,1,0,0,0,0,0,0,0,0,0,0,0,0,0,0,0,0,0,0,0,0,0,0,0,0,0,0,0,0,0,0,0,0,0,0,2.4961289671999998,565.0601341830001,12.4662553263,8.9982475633,9.814744144199999,7.9980371313,4.9616663031,6.444829550700001,3.6415079751999997,5.5911905921,2.3808018385,4.1663377722,1.4300430041,2.6909840295,-2.01,11.474668145899999,4.1018098221,2.2361614136,4,4,11.4673349543,0.0,0.0,9.8372531364,0.0,0.0,0.0,8.417796984299999,0.0,0.0,0.0,48.5309365477,11.374772549400001,9.790966951,8.417796984299999,21.2120256858,0.0,0.0,0.0,9.790966951,11.4673349543,48.5309365477,0,0.0,11.4673349543,11.374772549400001,0.0,0.0,8.417796984299999,9.8372531364,0.0,0.0,58.321903498699996,0.0,0.0,0,0,-3.4836111111,0,0,0,0,0,0,24.3495275888,24.7174168556,0,0,0,2,0,0,0,0,0,0,0,0,0,0,0,0,0,2,0,0,0,0,0,0,0,0,0,0,0,2,0,0,0,0,2,0,0,0,0,0,0,0,0,0,0,0,0,0,0,0,0,0,0,0,0,0,0,0,0,0,0,0,0,0,0,0,0,0,0,0,0,0,0,0,0,0,0,1,0,0,0,0,0,0,0,2,12,2,12,0,0,1,24,4,24,0,0,57,17,57,0,0,1,6,0,0,57,0,0,0,0,0,1,20,4,20,0,0,41,14,41,0,0,1,3,0,0,41,0,0,0,0,0,1,8,2,8,0,0,22,8,22,0,0,0,0,0,0,22,0,0,0,0,0,1
